ISO-10303-21;
HEADER;
/* Generated by software containing ST-Developer
 * from STEP Tools, Inc. (www.steptools.com) 
 */
/* OPTION: strings as raw bytes, not using required /X/ escapes */

FILE_DESCRIPTION(
/* description */ (''),
/* implementation_level */ '2;1');

FILE_NAME(
/* name */ 'DG381-3.5-02P-14-00A&Z(H)',
/* time_stamp */ '2025-07-02T23:56:50+02:00',
/* author */ ('SB'),
/* organization */ (''),
/* preprocessor_version */ 'ST-DEVELOPER v16.7',
/* originating_system */ 'DEX',
/* authorisation */ $);

FILE_SCHEMA (('AUTOMOTIVE_DESIGN {1 0 10303 214 3 1 1}'));
ENDSEC;

DATA;
#10=PROPERTY_DEFINITION_REPRESENTATION(#14,#12);
#11=PROPERTY_DEFINITION_REPRESENTATION(#15,#13);
#12=REPRESENTATION('',(#16),#3925);
#13=REPRESENTATION('',(#17),#3925);
#14=PROPERTY_DEFINITION('pmi validation property','',#3930);
#15=PROPERTY_DEFINITION('pmi validation property','',#3930);
#16=VALUE_REPRESENTATION_ITEM('number of annotations',COUNT_MEASURE(0.));
#17=VALUE_REPRESENTATION_ITEM('number of views',COUNT_MEASURE(0.));
#18=SHAPE_REPRESENTATION_RELATIONSHIP('','',#2651,#19);
#19=ADVANCED_BREP_SHAPE_REPRESENTATION('',(#2649),#3925);
#20=CYLINDRICAL_SURFACE('',#2681,1.475);
#21=CYLINDRICAL_SURFACE('',#2685,1.475);
#22=CYLINDRICAL_SURFACE('',#2705,0.3);
#23=CYLINDRICAL_SURFACE('',#2717,0.9000000000005);
#24=CYLINDRICAL_SURFACE('',#2718,0.3);
#25=CYLINDRICAL_SURFACE('',#2730,0.9);
#26=CYLINDRICAL_SURFACE('',#2731,0.15);
#27=CYLINDRICAL_SURFACE('',#2735,0.1);
#28=CYLINDRICAL_SURFACE('',#2741,0.1000000000028);
#29=CYLINDRICAL_SURFACE('',#2748,0.5);
#30=CYLINDRICAL_SURFACE('',#2757,0.15);
#31=CYLINDRICAL_SURFACE('',#2760,0.1499999999999);
#32=CYLINDRICAL_SURFACE('',#2769,0.5);
#33=CYLINDRICAL_SURFACE('',#2772,0.1499999999999);
#34=CYLINDRICAL_SURFACE('',#2781,0.1);
#35=CYLINDRICAL_SURFACE('',#2785,0.1);
#36=CYLINDRICAL_SURFACE('',#2798,1.475);
#37=CYLINDRICAL_SURFACE('',#2802,1.475);
#38=CONICAL_SURFACE('',#2677,1.351232095687,0.108661215839161);
#39=CONICAL_SURFACE('',#2812,1.351232095687,0.108661215839143);
#40=TOROIDAL_SURFACE('',#2655,1.221224900413,0.1);
#41=TOROIDAL_SURFACE('',#2662,1.22122490041,0.1);
#42=TOROIDAL_SURFACE('',#2669,1.22122490041,0.09999999999999);
#43=TOROIDAL_SURFACE('',#2683,1.578125,0.203125);
#44=TOROIDAL_SURFACE('',#2800,1.578125,0.203125);
#45=TOROIDAL_SURFACE('',#2814,1.22122490041,0.1);
#46=B_SPLINE_CURVE_WITH_KNOTS('',3,(#3350,#3351,#3352,#3353,#3354,#3355),
 .UNSPECIFIED.,.F.,.F.,(4,1,1,4),(0.,0.3333333333333,0.6666666666667,1.),
 .UNSPECIFIED.);
#47=B_SPLINE_CURVE_WITH_KNOTS('',3,(#3357,#3358,#3359,#3360),
 .UNSPECIFIED.,.F.,.F.,(4,4),(9.38836448009434E-17,0.000147709810807084),
 .UNSPECIFIED.);
#48=B_SPLINE_CURVE_WITH_KNOTS('',3,(#3364,#3365,#3366,#3367),
 .UNSPECIFIED.,.F.,.F.,(4,4),(1.61330588966401E-15,0.00014776664749411),
 .UNSPECIFIED.);
#49=B_SPLINE_CURVE_WITH_KNOTS('',3,(#3380,#3381,#3382,#3383,#3384,#3385),
 .UNSPECIFIED.,.F.,.F.,(4,1,1,4),(0.,0.3333333333333,0.6666666666667,1.),
 .UNSPECIFIED.);
#50=B_SPLINE_CURVE_WITH_KNOTS('',3,(#3387,#3388,#3389,#3390),
 .UNSPECIFIED.,.F.,.F.,(4,4),(4.42269442734662E-18,0.000147709810803905),
 .UNSPECIFIED.);
#51=B_SPLINE_CURVE_WITH_KNOTS('',3,(#3394,#3395,#3396,#3397),
 .UNSPECIFIED.,.F.,.F.,(4,4),(8.75530680275354E-17,0.000147766647491341),
 .UNSPECIFIED.);
#52=B_SPLINE_CURVE_WITH_KNOTS('',3,(#3410,#3411,#3412,#3413),
 .UNSPECIFIED.,.F.,.F.,(4,4),(9.0546915787161E-17,0.000147766647488393),
 .UNSPECIFIED.);
#53=B_SPLINE_CURVE_WITH_KNOTS('',3,(#3415,#3416,#3417,#3418),
 .UNSPECIFIED.,.F.,.F.,(4,4),(9.0555223987003E-18,0.000147709810801012),
 .UNSPECIFIED.);
#54=B_SPLINE_CURVE_WITH_KNOTS('',3,(#3905,#3906,#3907,#3908),
 .UNSPECIFIED.,.F.,.F.,(4,4),(4.87288270807027E-17,0.000147709810801006),
 .UNSPECIFIED.);
#55=B_SPLINE_CURVE_WITH_KNOTS('',3,(#3912,#3913,#3914,#3915),
 .UNSPECIFIED.,.F.,.F.,(4,4),(8.71256123070019E-17,0.000147766647488285),
 .UNSPECIFIED.);
#56=LINE('',#3348,#252);
#57=LINE('',#3371,#253);
#58=LINE('',#3378,#254);
#59=LINE('',#3401,#255);
#60=LINE('',#3405,#256);
#61=LINE('',#3424,#257);
#62=LINE('',#3446,#258);
#63=LINE('',#3449,#259);
#64=LINE('',#3451,#260);
#65=LINE('',#3453,#261);
#66=LINE('',#3455,#262);
#67=LINE('',#3458,#263);
#68=LINE('',#3459,#264);
#69=LINE('',#3461,#265);
#70=LINE('',#3463,#266);
#71=LINE('',#3465,#267);
#72=LINE('',#3467,#268);
#73=LINE('',#3469,#269);
#74=LINE('',#3471,#270);
#75=LINE('',#3473,#271);
#76=LINE('',#3475,#272);
#77=LINE('',#3477,#273);
#78=LINE('',#3479,#274);
#79=LINE('',#3481,#275);
#80=LINE('',#3483,#276);
#81=LINE('',#3485,#277);
#82=LINE('',#3487,#278);
#83=LINE('',#3490,#279);
#84=LINE('',#3492,#280);
#85=LINE('',#3494,#281);
#86=LINE('',#3496,#282);
#87=LINE('',#3499,#283);
#88=LINE('',#3500,#284);
#89=LINE('',#3502,#285);
#90=LINE('',#3504,#286);
#91=LINE('',#3506,#287);
#92=LINE('',#3508,#288);
#93=LINE('',#3510,#289);
#94=LINE('',#3512,#290);
#95=LINE('',#3514,#291);
#96=LINE('',#3516,#292);
#97=LINE('',#3518,#293);
#98=LINE('',#3520,#294);
#99=LINE('',#3522,#295);
#100=LINE('',#3524,#296);
#101=LINE('',#3526,#297);
#102=LINE('',#3528,#298);
#103=LINE('',#3533,#299);
#104=LINE('',#3537,#300);
#105=LINE('',#3540,#301);
#106=LINE('',#3542,#302);
#107=LINE('',#3544,#303);
#108=LINE('',#3546,#304);
#109=LINE('',#3548,#305);
#110=LINE('',#3550,#306);
#111=LINE('',#3552,#307);
#112=LINE('',#3554,#308);
#113=LINE('',#3556,#309);
#114=LINE('',#3558,#310);
#115=LINE('',#3562,#311);
#116=LINE('',#3563,#312);
#117=LINE('',#3565,#313);
#118=LINE('',#3567,#314);
#119=LINE('',#3569,#315);
#120=LINE('',#3571,#316);
#121=LINE('',#3575,#317);
#122=LINE('',#3577,#318);
#123=LINE('',#3582,#319);
#124=LINE('',#3586,#320);
#125=LINE('',#3589,#321);
#126=LINE('',#3591,#322);
#127=LINE('',#3593,#323);
#128=LINE('',#3595,#324);
#129=LINE('',#3597,#325);
#130=LINE('',#3599,#326);
#131=LINE('',#3601,#327);
#132=LINE('',#3603,#328);
#133=LINE('',#3605,#329);
#134=LINE('',#3607,#330);
#135=LINE('',#3611,#331);
#136=LINE('',#3612,#332);
#137=LINE('',#3614,#333);
#138=LINE('',#3616,#334);
#139=LINE('',#3618,#335);
#140=LINE('',#3620,#336);
#141=LINE('',#3624,#337);
#142=LINE('',#3629,#338);
#143=LINE('',#3633,#339);
#144=LINE('',#3635,#340);
#145=LINE('',#3638,#341);
#146=LINE('',#3640,#342);
#147=LINE('',#3642,#343);
#148=LINE('',#3648,#344);
#149=LINE('',#3650,#345);
#150=LINE('',#3652,#346);
#151=LINE('',#3654,#347);
#152=LINE('',#3658,#348);
#153=LINE('',#3660,#349);
#154=LINE('',#3664,#350);
#155=LINE('',#3666,#351);
#156=LINE('',#3668,#352);
#157=LINE('',#3670,#353);
#158=LINE('',#3673,#354);
#159=LINE('',#3675,#355);
#160=LINE('',#3677,#356);
#161=LINE('',#3679,#357);
#162=LINE('',#3681,#358);
#163=LINE('',#3683,#359);
#164=LINE('',#3684,#360);
#165=LINE('',#3686,#361);
#166=LINE('',#3688,#362);
#167=LINE('',#3689,#363);
#168=LINE('',#3691,#364);
#169=LINE('',#3693,#365);
#170=LINE('',#3695,#366);
#171=LINE('',#3697,#367);
#172=LINE('',#3700,#368);
#173=LINE('',#3702,#369);
#174=LINE('',#3704,#370);
#175=LINE('',#3708,#371);
#176=LINE('',#3712,#372);
#177=LINE('',#3714,#373);
#178=LINE('',#3716,#374);
#179=LINE('',#3718,#375);
#180=LINE('',#3720,#376);
#181=LINE('',#3722,#377);
#182=LINE('',#3724,#378);
#183=LINE('',#3726,#379);
#184=LINE('',#3728,#380);
#185=LINE('',#3730,#381);
#186=LINE('',#3731,#382);
#187=LINE('',#3736,#383);
#188=LINE('',#3737,#384);
#189=LINE('',#3742,#385);
#190=LINE('',#3743,#386);
#191=LINE('',#3745,#387);
#192=LINE('',#3750,#388);
#193=LINE('',#3754,#389);
#194=LINE('',#3756,#390);
#195=LINE('',#3758,#391);
#196=LINE('',#3759,#392);
#197=LINE('',#3761,#393);
#198=LINE('',#3763,#394);
#199=LINE('',#3765,#395);
#200=LINE('',#3768,#396);
#201=LINE('',#3770,#397);
#202=LINE('',#3772,#398);
#203=LINE('',#3774,#399);
#204=LINE('',#3776,#400);
#205=LINE('',#3778,#401);
#206=LINE('',#3782,#402);
#207=LINE('',#3784,#403);
#208=LINE('',#3786,#404);
#209=LINE('',#3790,#405);
#210=LINE('',#3792,#406);
#211=LINE('',#3797,#407);
#212=LINE('',#3801,#408);
#213=LINE('',#3803,#409);
#214=LINE('',#3805,#410);
#215=LINE('',#3807,#411);
#216=LINE('',#3809,#412);
#217=LINE('',#3810,#413);
#218=LINE('',#3811,#414);
#219=LINE('',#3813,#415);
#220=LINE('',#3815,#416);
#221=LINE('',#3817,#417);
#222=LINE('',#3819,#418);
#223=LINE('',#3821,#419);
#224=LINE('',#3823,#420);
#225=LINE('',#3825,#421);
#226=LINE('',#3827,#422);
#227=LINE('',#3829,#423);
#228=LINE('',#3834,#424);
#229=LINE('',#3838,#425);
#230=LINE('',#3840,#426);
#231=LINE('',#3842,#427);
#232=LINE('',#3846,#428);
#233=LINE('',#3850,#429);
#234=LINE('',#3853,#430);
#235=LINE('',#3854,#431);
#236=LINE('',#3856,#432);
#237=LINE('',#3858,#433);
#238=LINE('',#3860,#434);
#239=LINE('',#3862,#435);
#240=LINE('',#3864,#436);
#241=LINE('',#3866,#437);
#242=LINE('',#3867,#438);
#243=LINE('',#3869,#439);
#244=LINE('',#3871,#440);
#245=LINE('',#3873,#441);
#246=LINE('',#3875,#442);
#247=LINE('',#3877,#443);
#248=LINE('',#3879,#444);
#249=LINE('',#3881,#445);
#250=LINE('',#3901,#446);
#251=LINE('',#3910,#447);
#252=VECTOR('',#2823,1000.);
#253=VECTOR('',#2832,1000.);
#254=VECTOR('',#2839,1000.);
#255=VECTOR('',#2848,1000.);
#256=VECTOR('',#2853,1000.);
#257=VECTOR('',#2864,1000.);
#258=VECTOR('',#2895,1000.);
#259=VECTOR('',#2896,1000.);
#260=VECTOR('',#2897,1000.);
#261=VECTOR('',#2898,1000.);
#262=VECTOR('',#2901,1000.);
#263=VECTOR('',#2902,1000.);
#264=VECTOR('',#2903,1000.);
#265=VECTOR('',#2906,1000.);
#266=VECTOR('',#2907,1000.);
#267=VECTOR('',#2910,1000.);
#268=VECTOR('',#2911,1000.);
#269=VECTOR('',#2914,1000.);
#270=VECTOR('',#2917,1000.);
#271=VECTOR('',#2918,1000.);
#272=VECTOR('',#2919,1000.);
#273=VECTOR('',#2922,1000.);
#274=VECTOR('',#2923,1000.);
#275=VECTOR('',#2926,1000.);
#276=VECTOR('',#2927,1000.);
#277=VECTOR('',#2930,1000.);
#278=VECTOR('',#2933,1000.);
#279=VECTOR('',#2934,1000.);
#280=VECTOR('',#2935,1000.);
#281=VECTOR('',#2936,1000.);
#282=VECTOR('',#2939,1000.);
#283=VECTOR('',#2940,1000.);
#284=VECTOR('',#2941,1000.);
#285=VECTOR('',#2944,1000.);
#286=VECTOR('',#2945,1000.);
#287=VECTOR('',#2948,1000.);
#288=VECTOR('',#2949,1000.);
#289=VECTOR('',#2952,1000.);
#290=VECTOR('',#2955,1000.);
#291=VECTOR('',#2956,1000.);
#292=VECTOR('',#2957,1000.);
#293=VECTOR('',#2960,1000.);
#294=VECTOR('',#2961,1000.);
#295=VECTOR('',#2964,1000.);
#296=VECTOR('',#2965,1000.);
#297=VECTOR('',#2968,1000.);
#298=VECTOR('',#2971,1000.);
#299=VECTOR('',#2974,1000.);
#300=VECTOR('',#2979,1000.);
#301=VECTOR('',#2980,1000.);
#302=VECTOR('',#2981,1000.);
#303=VECTOR('',#2982,1000.);
#304=VECTOR('',#2985,1000.);
#305=VECTOR('',#2986,1000.);
#306=VECTOR('',#2987,1000.);
#307=VECTOR('',#2988,1000.);
#308=VECTOR('',#2989,1000.);
#309=VECTOR('',#2992,1000.);
#310=VECTOR('',#2993,1000.);
#311=VECTOR('',#2998,1000.);
#312=VECTOR('',#2999,1000.);
#313=VECTOR('',#3002,1000.);
#314=VECTOR('',#3003,1000.);
#315=VECTOR('',#3006,1000.);
#316=VECTOR('',#3009,1000.);
#317=VECTOR('',#3014,1000.);
#318=VECTOR('',#3017,1000.);
#319=VECTOR('',#3020,1000.);
#320=VECTOR('',#3025,1000.);
#321=VECTOR('',#3026,1000.);
#322=VECTOR('',#3027,1000.);
#323=VECTOR('',#3028,1000.);
#324=VECTOR('',#3031,1000.);
#325=VECTOR('',#3032,1000.);
#326=VECTOR('',#3033,1000.);
#327=VECTOR('',#3034,1000.);
#328=VECTOR('',#3035,1000.);
#329=VECTOR('',#3038,1000.);
#330=VECTOR('',#3039,1000.);
#331=VECTOR('',#3044,1000.);
#332=VECTOR('',#3045,1000.);
#333=VECTOR('',#3048,1000.);
#334=VECTOR('',#3049,1000.);
#335=VECTOR('',#3052,1000.);
#336=VECTOR('',#3055,1000.);
#337=VECTOR('',#3060,1000.);
#338=VECTOR('',#3065,1000.);
#339=VECTOR('',#3068,1000.);
#340=VECTOR('',#3071,1000.);
#341=VECTOR('',#3072,1000.);
#342=VECTOR('',#3073,1000.);
#343=VECTOR('',#3074,1000.);
#344=VECTOR('',#3081,1000.);
#345=VECTOR('',#3084,1000.);
#346=VECTOR('',#3085,1000.);
#347=VECTOR('',#3086,1000.);
#348=VECTOR('',#3091,1000.);
#349=VECTOR('',#3092,1000.);
#350=VECTOR('',#3097,1000.);
#351=VECTOR('',#3100,1000.);
#352=VECTOR('',#3101,1000.);
#353=VECTOR('',#3104,1000.);
#354=VECTOR('',#3105,1000.);
#355=VECTOR('',#3106,1000.);
#356=VECTOR('',#3107,1000.);
#357=VECTOR('',#3108,1000.);
#358=VECTOR('',#3109,1000.);
#359=VECTOR('',#3110,1000.);
#360=VECTOR('',#3111,1000.);
#361=VECTOR('',#3112,1000.);
#362=VECTOR('',#3115,1000.);
#363=VECTOR('',#3116,1000.);
#364=VECTOR('',#3117,1000.);
#365=VECTOR('',#3120,1000.);
#366=VECTOR('',#3121,1000.);
#367=VECTOR('',#3124,1000.);
#368=VECTOR('',#3125,1000.);
#369=VECTOR('',#3126,1000.);
#370=VECTOR('',#3127,1000.);
#371=VECTOR('',#3132,1000.);
#372=VECTOR('',#3137,1000.);
#373=VECTOR('',#3138,1000.);
#374=VECTOR('',#3139,1000.);
#375=VECTOR('',#3142,1000.);
#376=VECTOR('',#3143,1000.);
#377=VECTOR('',#3146,1000.);
#378=VECTOR('',#3147,1000.);
#379=VECTOR('',#3150,1000.);
#380=VECTOR('',#3151,1000.);
#381=VECTOR('',#3152,1000.);
#382=VECTOR('',#3153,1000.);
#383=VECTOR('',#3158,1000.);
#384=VECTOR('',#3159,1000.);
#385=VECTOR('',#3164,1000.);
#386=VECTOR('',#3165,1000.);
#387=VECTOR('',#3168,1000.);
#388=VECTOR('',#3173,1000.);
#389=VECTOR('',#3176,1000.);
#390=VECTOR('',#3179,1000.);
#391=VECTOR('',#3180,1000.);
#392=VECTOR('',#3181,1000.);
#393=VECTOR('',#3184,1000.);
#394=VECTOR('',#3185,1000.);
#395=VECTOR('',#3188,1000.);
#396=VECTOR('',#3189,1000.);
#397=VECTOR('',#3190,1000.);
#398=VECTOR('',#3191,1000.);
#399=VECTOR('',#3194,1000.);
#400=VECTOR('',#3195,1000.);
#401=VECTOR('',#3196,1000.);
#402=VECTOR('',#3201,1000.);
#403=VECTOR('',#3202,1000.);
#404=VECTOR('',#3203,1000.);
#405=VECTOR('',#3210,1000.);
#406=VECTOR('',#3211,1000.);
#407=VECTOR('',#3216,1000.);
#408=VECTOR('',#3219,1000.);
#409=VECTOR('',#3222,1000.);
#410=VECTOR('',#3223,1000.);
#411=VECTOR('',#3224,1000.);
#412=VECTOR('',#3227,1000.);
#413=VECTOR('',#3228,1000.);
#414=VECTOR('',#3229,1000.);
#415=VECTOR('',#3232,1000.);
#416=VECTOR('',#3235,1000.);
#417=VECTOR('',#3236,1000.);
#418=VECTOR('',#3237,1000.);
#419=VECTOR('',#3240,1000.);
#420=VECTOR('',#3241,1000.);
#421=VECTOR('',#3244,1000.);
#422=VECTOR('',#3245,1000.);
#423=VECTOR('',#3248,1000.);
#424=VECTOR('',#3251,1000.);
#425=VECTOR('',#3256,1000.);
#426=VECTOR('',#3257,1000.);
#427=VECTOR('',#3258,1000.);
#428=VECTOR('',#3263,1000.);
#429=VECTOR('',#3268,1000.);
#430=VECTOR('',#3269,1000.);
#431=VECTOR('',#3270,1000.);
#432=VECTOR('',#3273,1000.);
#433=VECTOR('',#3274,1000.);
#434=VECTOR('',#3277,1000.);
#435=VECTOR('',#3278,1000.);
#436=VECTOR('',#3281,1000.);
#437=VECTOR('',#3282,1000.);
#438=VECTOR('',#3283,1000.);
#439=VECTOR('',#3286,1000.);
#440=VECTOR('',#3287,1000.);
#441=VECTOR('',#3290,1000.);
#442=VECTOR('',#3291,1000.);
#443=VECTOR('',#3294,1000.);
#444=VECTOR('',#3295,1000.);
#445=VECTOR('',#3298,1000.);
#446=VECTOR('',#3323,1000.);
#447=VECTOR('',#3326,1000.);
#448=ORIENTED_EDGE('',*,*,#976,.F.);
#449=ORIENTED_EDGE('',*,*,#977,.F.);
#450=ORIENTED_EDGE('',*,*,#978,.F.);
#451=ORIENTED_EDGE('',*,*,#976,.T.);
#452=ORIENTED_EDGE('',*,*,#978,.T.);
#453=ORIENTED_EDGE('',*,*,#979,.F.);
#454=ORIENTED_EDGE('',*,*,#980,.T.);
#455=ORIENTED_EDGE('',*,*,#981,.F.);
#456=ORIENTED_EDGE('',*,*,#982,.F.);
#457=ORIENTED_EDGE('',*,*,#983,.F.);
#458=ORIENTED_EDGE('',*,*,#984,.F.);
#459=ORIENTED_EDGE('',*,*,#979,.T.);
#460=ORIENTED_EDGE('',*,*,#977,.T.);
#461=ORIENTED_EDGE('',*,*,#981,.T.);
#462=ORIENTED_EDGE('',*,*,#985,.F.);
#463=ORIENTED_EDGE('',*,*,#986,.F.);
#464=ORIENTED_EDGE('',*,*,#987,.F.);
#465=ORIENTED_EDGE('',*,*,#985,.T.);
#466=ORIENTED_EDGE('',*,*,#987,.T.);
#467=ORIENTED_EDGE('',*,*,#988,.F.);
#468=ORIENTED_EDGE('',*,*,#989,.T.);
#469=ORIENTED_EDGE('',*,*,#990,.F.);
#470=ORIENTED_EDGE('',*,*,#991,.F.);
#471=ORIENTED_EDGE('',*,*,#992,.F.);
#472=ORIENTED_EDGE('',*,*,#993,.F.);
#473=ORIENTED_EDGE('',*,*,#988,.T.);
#474=ORIENTED_EDGE('',*,*,#986,.T.);
#475=ORIENTED_EDGE('',*,*,#990,.T.);
#476=ORIENTED_EDGE('',*,*,#994,.F.);
#477=ORIENTED_EDGE('',*,*,#995,.T.);
#478=ORIENTED_EDGE('',*,*,#996,.F.);
#479=ORIENTED_EDGE('',*,*,#995,.F.);
#480=ORIENTED_EDGE('',*,*,#997,.F.);
#481=ORIENTED_EDGE('',*,*,#998,.T.);
#482=ORIENTED_EDGE('',*,*,#999,.F.);
#483=ORIENTED_EDGE('',*,*,#1000,.F.);
#484=ORIENTED_EDGE('',*,*,#1001,.F.);
#485=ORIENTED_EDGE('',*,*,#997,.T.);
#486=ORIENTED_EDGE('',*,*,#994,.T.);
#487=ORIENTED_EDGE('',*,*,#996,.T.);
#488=ORIENTED_EDGE('',*,*,#1002,.T.);
#489=ORIENTED_EDGE('',*,*,#992,.T.);
#490=ORIENTED_EDGE('',*,*,#1003,.T.);
#491=ORIENTED_EDGE('',*,*,#1000,.T.);
#492=ORIENTED_EDGE('',*,*,#1002,.F.);
#493=ORIENTED_EDGE('',*,*,#999,.T.);
#494=ORIENTED_EDGE('',*,*,#998,.F.);
#495=ORIENTED_EDGE('',*,*,#1001,.T.);
#496=ORIENTED_EDGE('',*,*,#1003,.F.);
#497=ORIENTED_EDGE('',*,*,#991,.T.);
#498=ORIENTED_EDGE('',*,*,#989,.F.);
#499=ORIENTED_EDGE('',*,*,#993,.T.);
#500=ORIENTED_EDGE('',*,*,#1004,.F.);
#501=ORIENTED_EDGE('',*,*,#1004,.T.);
#502=ORIENTED_EDGE('',*,*,#1005,.T.);
#503=ORIENTED_EDGE('',*,*,#1005,.F.);
#504=ORIENTED_EDGE('',*,*,#1006,.F.);
#505=ORIENTED_EDGE('',*,*,#1007,.T.);
#506=ORIENTED_EDGE('',*,*,#1006,.T.);
#507=ORIENTED_EDGE('',*,*,#1007,.F.);
#508=ORIENTED_EDGE('',*,*,#1008,.F.);
#509=ORIENTED_EDGE('',*,*,#1009,.F.);
#510=ORIENTED_EDGE('',*,*,#1010,.F.);
#511=ORIENTED_EDGE('',*,*,#1011,.T.);
#512=ORIENTED_EDGE('',*,*,#1012,.T.);
#513=ORIENTED_EDGE('',*,*,#1013,.T.);
#514=ORIENTED_EDGE('',*,*,#1014,.F.);
#515=ORIENTED_EDGE('',*,*,#1012,.F.);
#516=ORIENTED_EDGE('',*,*,#1015,.T.);
#517=ORIENTED_EDGE('',*,*,#1016,.F.);
#518=ORIENTED_EDGE('',*,*,#1009,.T.);
#519=ORIENTED_EDGE('',*,*,#1014,.T.);
#520=ORIENTED_EDGE('',*,*,#1017,.T.);
#521=ORIENTED_EDGE('',*,*,#1010,.T.);
#522=ORIENTED_EDGE('',*,*,#1016,.T.);
#523=ORIENTED_EDGE('',*,*,#1018,.T.);
#524=ORIENTED_EDGE('',*,*,#1019,.F.);
#525=ORIENTED_EDGE('',*,*,#1017,.F.);
#526=ORIENTED_EDGE('',*,*,#1013,.F.);
#527=ORIENTED_EDGE('',*,*,#1020,.T.);
#528=ORIENTED_EDGE('',*,*,#1018,.F.);
#529=ORIENTED_EDGE('',*,*,#1021,.F.);
#530=ORIENTED_EDGE('',*,*,#1020,.F.);
#531=ORIENTED_EDGE('',*,*,#1022,.T.);
#532=ORIENTED_EDGE('',*,*,#1023,.F.);
#533=ORIENTED_EDGE('',*,*,#1024,.T.);
#534=ORIENTED_EDGE('',*,*,#1019,.T.);
#535=ORIENTED_EDGE('',*,*,#1021,.T.);
#536=ORIENTED_EDGE('',*,*,#1025,.F.);
#537=ORIENTED_EDGE('',*,*,#1026,.F.);
#538=ORIENTED_EDGE('',*,*,#1011,.F.);
#539=ORIENTED_EDGE('',*,*,#1024,.F.);
#540=ORIENTED_EDGE('',*,*,#1027,.F.);
#541=ORIENTED_EDGE('',*,*,#1022,.F.);
#542=ORIENTED_EDGE('',*,*,#1015,.F.);
#543=ORIENTED_EDGE('',*,*,#1026,.T.);
#544=ORIENTED_EDGE('',*,*,#1028,.F.);
#545=ORIENTED_EDGE('',*,*,#1029,.F.);
#546=ORIENTED_EDGE('',*,*,#1030,.F.);
#547=ORIENTED_EDGE('',*,*,#1031,.T.);
#548=ORIENTED_EDGE('',*,*,#1032,.T.);
#549=ORIENTED_EDGE('',*,*,#1033,.T.);
#550=ORIENTED_EDGE('',*,*,#1034,.F.);
#551=ORIENTED_EDGE('',*,*,#1032,.F.);
#552=ORIENTED_EDGE('',*,*,#1035,.T.);
#553=ORIENTED_EDGE('',*,*,#1036,.F.);
#554=ORIENTED_EDGE('',*,*,#1029,.T.);
#555=ORIENTED_EDGE('',*,*,#1034,.T.);
#556=ORIENTED_EDGE('',*,*,#1037,.T.);
#557=ORIENTED_EDGE('',*,*,#1030,.T.);
#558=ORIENTED_EDGE('',*,*,#1036,.T.);
#559=ORIENTED_EDGE('',*,*,#1038,.T.);
#560=ORIENTED_EDGE('',*,*,#1039,.F.);
#561=ORIENTED_EDGE('',*,*,#1037,.F.);
#562=ORIENTED_EDGE('',*,*,#1033,.F.);
#563=ORIENTED_EDGE('',*,*,#1040,.T.);
#564=ORIENTED_EDGE('',*,*,#1038,.F.);
#565=ORIENTED_EDGE('',*,*,#1041,.F.);
#566=ORIENTED_EDGE('',*,*,#1040,.F.);
#567=ORIENTED_EDGE('',*,*,#1042,.T.);
#568=ORIENTED_EDGE('',*,*,#1043,.F.);
#569=ORIENTED_EDGE('',*,*,#1044,.T.);
#570=ORIENTED_EDGE('',*,*,#1039,.T.);
#571=ORIENTED_EDGE('',*,*,#1041,.T.);
#572=ORIENTED_EDGE('',*,*,#1045,.F.);
#573=ORIENTED_EDGE('',*,*,#1046,.F.);
#574=ORIENTED_EDGE('',*,*,#1031,.F.);
#575=ORIENTED_EDGE('',*,*,#1044,.F.);
#576=ORIENTED_EDGE('',*,*,#1047,.F.);
#577=ORIENTED_EDGE('',*,*,#1042,.F.);
#578=ORIENTED_EDGE('',*,*,#1035,.F.);
#579=ORIENTED_EDGE('',*,*,#1046,.T.);
#580=ORIENTED_EDGE('',*,*,#1048,.F.);
#581=ORIENTED_EDGE('',*,*,#1049,.T.);
#582=ORIENTED_EDGE('',*,*,#1050,.F.);
#583=ORIENTED_EDGE('',*,*,#1051,.T.);
#584=ORIENTED_EDGE('',*,*,#1052,.F.);
#585=ORIENTED_EDGE('',*,*,#1053,.F.);
#586=ORIENTED_EDGE('',*,*,#1054,.F.);
#587=ORIENTED_EDGE('',*,*,#1055,.T.);
#588=ORIENTED_EDGE('',*,*,#1056,.F.);
#589=ORIENTED_EDGE('',*,*,#1054,.T.);
#590=ORIENTED_EDGE('',*,*,#1057,.T.);
#591=ORIENTED_EDGE('',*,*,#1058,.F.);
#592=ORIENTED_EDGE('',*,*,#1059,.F.);
#593=ORIENTED_EDGE('',*,*,#1060,.F.);
#594=ORIENTED_EDGE('',*,*,#1061,.T.);
#595=ORIENTED_EDGE('',*,*,#1055,.F.);
#596=ORIENTED_EDGE('',*,*,#1061,.F.);
#597=ORIENTED_EDGE('',*,*,#1062,.F.);
#598=ORIENTED_EDGE('',*,*,#1063,.F.);
#599=ORIENTED_EDGE('',*,*,#1060,.T.);
#600=ORIENTED_EDGE('',*,*,#1064,.T.);
#601=ORIENTED_EDGE('',*,*,#1065,.F.);
#602=ORIENTED_EDGE('',*,*,#1052,.T.);
#603=ORIENTED_EDGE('',*,*,#1066,.T.);
#604=ORIENTED_EDGE('',*,*,#1062,.T.);
#605=ORIENTED_EDGE('',*,*,#1051,.F.);
#606=ORIENTED_EDGE('',*,*,#1067,.F.);
#607=ORIENTED_EDGE('',*,*,#1068,.T.);
#608=ORIENTED_EDGE('',*,*,#1056,.T.);
#609=ORIENTED_EDGE('',*,*,#1063,.T.);
#610=ORIENTED_EDGE('',*,*,#1066,.F.);
#611=ORIENTED_EDGE('',*,*,#1069,.F.);
#612=ORIENTED_EDGE('',*,*,#1057,.F.);
#613=ORIENTED_EDGE('',*,*,#1053,.T.);
#614=ORIENTED_EDGE('',*,*,#1068,.F.);
#615=ORIENTED_EDGE('',*,*,#1067,.T.);
#616=ORIENTED_EDGE('',*,*,#1050,.T.);
#617=ORIENTED_EDGE('',*,*,#1070,.F.);
#618=ORIENTED_EDGE('',*,*,#1071,.T.);
#619=ORIENTED_EDGE('',*,*,#1058,.T.);
#620=ORIENTED_EDGE('',*,*,#1069,.T.);
#621=ORIENTED_EDGE('',*,*,#1072,.T.);
#622=ORIENTED_EDGE('',*,*,#1064,.F.);
#623=ORIENTED_EDGE('',*,*,#1059,.T.);
#624=ORIENTED_EDGE('',*,*,#1071,.F.);
#625=ORIENTED_EDGE('',*,*,#1073,.T.);
#626=ORIENTED_EDGE('',*,*,#1074,.F.);
#627=ORIENTED_EDGE('',*,*,#1075,.T.);
#628=ORIENTED_EDGE('',*,*,#1076,.F.);
#629=ORIENTED_EDGE('',*,*,#1077,.F.);
#630=ORIENTED_EDGE('',*,*,#1078,.F.);
#631=ORIENTED_EDGE('',*,*,#1079,.T.);
#632=ORIENTED_EDGE('',*,*,#1080,.F.);
#633=ORIENTED_EDGE('',*,*,#1078,.T.);
#634=ORIENTED_EDGE('',*,*,#1081,.T.);
#635=ORIENTED_EDGE('',*,*,#1082,.F.);
#636=ORIENTED_EDGE('',*,*,#1083,.F.);
#637=ORIENTED_EDGE('',*,*,#1084,.F.);
#638=ORIENTED_EDGE('',*,*,#1085,.T.);
#639=ORIENTED_EDGE('',*,*,#1079,.F.);
#640=ORIENTED_EDGE('',*,*,#1085,.F.);
#641=ORIENTED_EDGE('',*,*,#1086,.F.);
#642=ORIENTED_EDGE('',*,*,#1087,.F.);
#643=ORIENTED_EDGE('',*,*,#1084,.T.);
#644=ORIENTED_EDGE('',*,*,#1088,.T.);
#645=ORIENTED_EDGE('',*,*,#1089,.F.);
#646=ORIENTED_EDGE('',*,*,#1076,.T.);
#647=ORIENTED_EDGE('',*,*,#1090,.T.);
#648=ORIENTED_EDGE('',*,*,#1086,.T.);
#649=ORIENTED_EDGE('',*,*,#1075,.F.);
#650=ORIENTED_EDGE('',*,*,#1091,.F.);
#651=ORIENTED_EDGE('',*,*,#1092,.T.);
#652=ORIENTED_EDGE('',*,*,#1080,.T.);
#653=ORIENTED_EDGE('',*,*,#1087,.T.);
#654=ORIENTED_EDGE('',*,*,#1090,.F.);
#655=ORIENTED_EDGE('',*,*,#1093,.F.);
#656=ORIENTED_EDGE('',*,*,#1081,.F.);
#657=ORIENTED_EDGE('',*,*,#1077,.T.);
#658=ORIENTED_EDGE('',*,*,#1092,.F.);
#659=ORIENTED_EDGE('',*,*,#1091,.T.);
#660=ORIENTED_EDGE('',*,*,#1074,.T.);
#661=ORIENTED_EDGE('',*,*,#1094,.F.);
#662=ORIENTED_EDGE('',*,*,#1095,.T.);
#663=ORIENTED_EDGE('',*,*,#1082,.T.);
#664=ORIENTED_EDGE('',*,*,#1093,.T.);
#665=ORIENTED_EDGE('',*,*,#1096,.T.);
#666=ORIENTED_EDGE('',*,*,#1088,.F.);
#667=ORIENTED_EDGE('',*,*,#1083,.T.);
#668=ORIENTED_EDGE('',*,*,#1095,.F.);
#669=ORIENTED_EDGE('',*,*,#1097,.F.);
#670=ORIENTED_EDGE('',*,*,#1098,.T.);
#671=ORIENTED_EDGE('',*,*,#1099,.F.);
#672=ORIENTED_EDGE('',*,*,#1100,.T.);
#673=ORIENTED_EDGE('',*,*,#1101,.F.);
#674=ORIENTED_EDGE('',*,*,#1102,.F.);
#675=ORIENTED_EDGE('',*,*,#1103,.F.);
#676=ORIENTED_EDGE('',*,*,#1104,.F.);
#677=ORIENTED_EDGE('',*,*,#1105,.F.);
#678=ORIENTED_EDGE('',*,*,#1104,.T.);
#679=ORIENTED_EDGE('',*,*,#1106,.F.);
#680=ORIENTED_EDGE('',*,*,#1107,.T.);
#681=ORIENTED_EDGE('',*,*,#1108,.F.);
#682=ORIENTED_EDGE('',*,*,#1109,.F.);
#683=ORIENTED_EDGE('',*,*,#1110,.F.);
#684=ORIENTED_EDGE('',*,*,#1107,.F.);
#685=ORIENTED_EDGE('',*,*,#1101,.T.);
#686=ORIENTED_EDGE('',*,*,#1105,.T.);
#687=ORIENTED_EDGE('',*,*,#1110,.T.);
#688=ORIENTED_EDGE('',*,*,#1111,.T.);
#689=ORIENTED_EDGE('',*,*,#1112,.T.);
#690=ORIENTED_EDGE('',*,*,#1113,.F.);
#691=ORIENTED_EDGE('',*,*,#1111,.F.);
#692=ORIENTED_EDGE('',*,*,#1109,.T.);
#693=ORIENTED_EDGE('',*,*,#1114,.F.);
#694=ORIENTED_EDGE('',*,*,#1115,.T.);
#695=ORIENTED_EDGE('',*,*,#1116,.F.);
#696=ORIENTED_EDGE('',*,*,#1117,.F.);
#697=ORIENTED_EDGE('',*,*,#1112,.F.);
#698=ORIENTED_EDGE('',*,*,#1115,.F.);
#699=ORIENTED_EDGE('',*,*,#1118,.T.);
#700=ORIENTED_EDGE('',*,*,#1119,.T.);
#701=ORIENTED_EDGE('',*,*,#1120,.F.);
#702=ORIENTED_EDGE('',*,*,#1121,.T.);
#703=ORIENTED_EDGE('',*,*,#1122,.T.);
#704=ORIENTED_EDGE('',*,*,#1123,.T.);
#705=ORIENTED_EDGE('',*,*,#1124,.T.);
#706=ORIENTED_EDGE('',*,*,#1102,.T.);
#707=ORIENTED_EDGE('',*,*,#1113,.T.);
#708=ORIENTED_EDGE('',*,*,#1117,.T.);
#709=ORIENTED_EDGE('',*,*,#1125,.T.);
#710=ORIENTED_EDGE('',*,*,#1126,.T.);
#711=ORIENTED_EDGE('',*,*,#1099,.T.);
#712=ORIENTED_EDGE('',*,*,#1127,.T.);
#713=ORIENTED_EDGE('',*,*,#1122,.F.);
#714=ORIENTED_EDGE('',*,*,#1128,.F.);
#715=ORIENTED_EDGE('',*,*,#1129,.T.);
#716=ORIENTED_EDGE('',*,*,#1100,.F.);
#717=ORIENTED_EDGE('',*,*,#1129,.F.);
#718=ORIENTED_EDGE('',*,*,#1130,.F.);
#719=ORIENTED_EDGE('',*,*,#1131,.F.);
#720=ORIENTED_EDGE('',*,*,#1132,.F.);
#721=ORIENTED_EDGE('',*,*,#1133,.F.);
#722=ORIENTED_EDGE('',*,*,#1134,.F.);
#723=ORIENTED_EDGE('',*,*,#1135,.T.);
#724=ORIENTED_EDGE('',*,*,#1136,.F.);
#725=ORIENTED_EDGE('',*,*,#1137,.T.);
#726=ORIENTED_EDGE('',*,*,#1138,.F.);
#727=ORIENTED_EDGE('',*,*,#1134,.T.);
#728=ORIENTED_EDGE('',*,*,#1133,.T.);
#729=ORIENTED_EDGE('',*,*,#1139,.T.);
#730=ORIENTED_EDGE('',*,*,#1140,.T.);
#731=ORIENTED_EDGE('',*,*,#1141,.T.);
#732=ORIENTED_EDGE('',*,*,#1136,.T.);
#733=ORIENTED_EDGE('',*,*,#1142,.F.);
#734=ORIENTED_EDGE('',*,*,#1143,.F.);
#735=ORIENTED_EDGE('',*,*,#1137,.F.);
#736=ORIENTED_EDGE('',*,*,#1141,.F.);
#737=ORIENTED_EDGE('',*,*,#1144,.T.);
#738=ORIENTED_EDGE('',*,*,#1145,.T.);
#739=ORIENTED_EDGE('',*,*,#1135,.F.);
#740=ORIENTED_EDGE('',*,*,#1138,.T.);
#741=ORIENTED_EDGE('',*,*,#1143,.T.);
#742=ORIENTED_EDGE('',*,*,#1130,.T.);
#743=ORIENTED_EDGE('',*,*,#1146,.F.);
#744=ORIENTED_EDGE('',*,*,#1147,.F.);
#745=ORIENTED_EDGE('',*,*,#1148,.T.);
#746=ORIENTED_EDGE('',*,*,#1139,.F.);
#747=ORIENTED_EDGE('',*,*,#1132,.T.);
#748=ORIENTED_EDGE('',*,*,#1145,.F.);
#749=ORIENTED_EDGE('',*,*,#1149,.T.);
#750=ORIENTED_EDGE('',*,*,#1150,.T.);
#751=ORIENTED_EDGE('',*,*,#1151,.F.);
#752=ORIENTED_EDGE('',*,*,#1097,.T.);
#753=ORIENTED_EDGE('',*,*,#1131,.T.);
#754=ORIENTED_EDGE('',*,*,#1149,.F.);
#755=ORIENTED_EDGE('',*,*,#1144,.F.);
#756=ORIENTED_EDGE('',*,*,#1142,.T.);
#757=ORIENTED_EDGE('',*,*,#1140,.F.);
#758=ORIENTED_EDGE('',*,*,#1148,.F.);
#759=ORIENTED_EDGE('',*,*,#1152,.T.);
#760=ORIENTED_EDGE('',*,*,#1153,.F.);
#761=ORIENTED_EDGE('',*,*,#1154,.T.);
#762=ORIENTED_EDGE('',*,*,#1150,.F.);
#763=ORIENTED_EDGE('',*,*,#1155,.T.);
#764=ORIENTED_EDGE('',*,*,#1152,.F.);
#765=ORIENTED_EDGE('',*,*,#1147,.T.);
#766=ORIENTED_EDGE('',*,*,#1156,.F.);
#767=ORIENTED_EDGE('',*,*,#1155,.F.);
#768=ORIENTED_EDGE('',*,*,#1157,.F.);
#769=ORIENTED_EDGE('',*,*,#1158,.T.);
#770=ORIENTED_EDGE('',*,*,#1159,.F.);
#771=ORIENTED_EDGE('',*,*,#1160,.T.);
#772=ORIENTED_EDGE('',*,*,#1153,.T.);
#773=ORIENTED_EDGE('',*,*,#1156,.T.);
#774=ORIENTED_EDGE('',*,*,#1161,.F.);
#775=ORIENTED_EDGE('',*,*,#1162,.T.);
#776=ORIENTED_EDGE('',*,*,#1159,.T.);
#777=ORIENTED_EDGE('',*,*,#1163,.F.);
#778=ORIENTED_EDGE('',*,*,#1160,.F.);
#779=ORIENTED_EDGE('',*,*,#1162,.F.);
#780=ORIENTED_EDGE('',*,*,#1164,.F.);
#781=ORIENTED_EDGE('',*,*,#1165,.F.);
#782=ORIENTED_EDGE('',*,*,#1166,.F.);
#783=ORIENTED_EDGE('',*,*,#1167,.F.);
#784=ORIENTED_EDGE('',*,*,#1168,.F.);
#785=ORIENTED_EDGE('',*,*,#1169,.F.);
#786=ORIENTED_EDGE('',*,*,#1170,.T.);
#787=ORIENTED_EDGE('',*,*,#1171,.T.);
#788=ORIENTED_EDGE('',*,*,#1172,.F.);
#789=ORIENTED_EDGE('',*,*,#1173,.T.);
#790=ORIENTED_EDGE('',*,*,#1167,.T.);
#791=ORIENTED_EDGE('',*,*,#1174,.F.);
#792=ORIENTED_EDGE('',*,*,#1175,.F.);
#793=ORIENTED_EDGE('',*,*,#1176,.F.);
#794=ORIENTED_EDGE('',*,*,#1172,.T.);
#795=ORIENTED_EDGE('',*,*,#1177,.F.);
#796=ORIENTED_EDGE('',*,*,#1168,.T.);
#797=ORIENTED_EDGE('',*,*,#1173,.F.);
#798=ORIENTED_EDGE('',*,*,#1176,.T.);
#799=ORIENTED_EDGE('',*,*,#1175,.T.);
#800=ORIENTED_EDGE('',*,*,#1178,.T.);
#801=ORIENTED_EDGE('',*,*,#1179,.F.);
#802=ORIENTED_EDGE('',*,*,#1169,.T.);
#803=ORIENTED_EDGE('',*,*,#1177,.T.);
#804=ORIENTED_EDGE('',*,*,#1180,.F.);
#805=ORIENTED_EDGE('',*,*,#1181,.T.);
#806=ORIENTED_EDGE('',*,*,#1182,.F.);
#807=ORIENTED_EDGE('',*,*,#1183,.T.);
#808=ORIENTED_EDGE('',*,*,#1183,.F.);
#809=ORIENTED_EDGE('',*,*,#1184,.F.);
#810=ORIENTED_EDGE('',*,*,#1185,.T.);
#811=ORIENTED_EDGE('',*,*,#1186,.F.);
#812=ORIENTED_EDGE('',*,*,#1182,.T.);
#813=ORIENTED_EDGE('',*,*,#1187,.F.);
#814=ORIENTED_EDGE('',*,*,#1157,.T.);
#815=ORIENTED_EDGE('',*,*,#1165,.T.);
#816=ORIENTED_EDGE('',*,*,#1188,.T.);
#817=ORIENTED_EDGE('',*,*,#1170,.F.);
#818=ORIENTED_EDGE('',*,*,#1166,.T.);
#819=ORIENTED_EDGE('',*,*,#1179,.T.);
#820=ORIENTED_EDGE('',*,*,#1189,.T.);
#821=ORIENTED_EDGE('',*,*,#1184,.T.);
#822=ORIENTED_EDGE('',*,*,#1164,.T.);
#823=ORIENTED_EDGE('',*,*,#1190,.F.);
#824=ORIENTED_EDGE('',*,*,#1185,.F.);
#825=ORIENTED_EDGE('',*,*,#1189,.F.);
#826=ORIENTED_EDGE('',*,*,#1178,.F.);
#827=ORIENTED_EDGE('',*,*,#1174,.T.);
#828=ORIENTED_EDGE('',*,*,#1171,.F.);
#829=ORIENTED_EDGE('',*,*,#1188,.F.);
#830=ORIENTED_EDGE('',*,*,#1161,.T.);
#831=ORIENTED_EDGE('',*,*,#1146,.T.);
#832=ORIENTED_EDGE('',*,*,#1128,.T.);
#833=ORIENTED_EDGE('',*,*,#1121,.F.);
#834=ORIENTED_EDGE('',*,*,#1191,.F.);
#835=ORIENTED_EDGE('',*,*,#1192,.F.);
#836=ORIENTED_EDGE('',*,*,#1193,.T.);
#837=ORIENTED_EDGE('',*,*,#1190,.T.);
#838=ORIENTED_EDGE('',*,*,#1180,.T.);
#839=ORIENTED_EDGE('',*,*,#1186,.T.);
#840=ORIENTED_EDGE('',*,*,#1193,.F.);
#841=ORIENTED_EDGE('',*,*,#1194,.F.);
#842=ORIENTED_EDGE('',*,*,#1195,.F.);
#843=ORIENTED_EDGE('',*,*,#1123,.F.);
#844=ORIENTED_EDGE('',*,*,#1127,.F.);
#845=ORIENTED_EDGE('',*,*,#1098,.F.);
#846=ORIENTED_EDGE('',*,*,#1151,.T.);
#847=ORIENTED_EDGE('',*,*,#1154,.F.);
#848=ORIENTED_EDGE('',*,*,#1163,.T.);
#849=ORIENTED_EDGE('',*,*,#1158,.F.);
#850=ORIENTED_EDGE('',*,*,#1187,.T.);
#851=ORIENTED_EDGE('',*,*,#1181,.F.);
#852=ORIENTED_EDGE('',*,*,#1195,.T.);
#853=ORIENTED_EDGE('',*,*,#1196,.F.);
#854=ORIENTED_EDGE('',*,*,#1197,.F.);
#855=ORIENTED_EDGE('',*,*,#1198,.T.);
#856=ORIENTED_EDGE('',*,*,#1199,.F.);
#857=ORIENTED_EDGE('',*,*,#1200,.T.);
#858=ORIENTED_EDGE('',*,*,#1201,.F.);
#859=ORIENTED_EDGE('',*,*,#1202,.F.);
#860=ORIENTED_EDGE('',*,*,#1203,.F.);
#861=ORIENTED_EDGE('',*,*,#1204,.F.);
#862=ORIENTED_EDGE('',*,*,#1198,.F.);
#863=ORIENTED_EDGE('',*,*,#1205,.F.);
#864=ORIENTED_EDGE('',*,*,#1206,.T.);
#865=ORIENTED_EDGE('',*,*,#1207,.F.);
#866=ORIENTED_EDGE('',*,*,#1203,.T.);
#867=ORIENTED_EDGE('',*,*,#1208,.F.);
#868=ORIENTED_EDGE('',*,*,#1209,.F.);
#869=ORIENTED_EDGE('',*,*,#1206,.F.);
#870=ORIENTED_EDGE('',*,*,#1210,.F.);
#871=ORIENTED_EDGE('',*,*,#1211,.F.);
#872=ORIENTED_EDGE('',*,*,#1212,.T.);
#873=ORIENTED_EDGE('',*,*,#1199,.T.);
#874=ORIENTED_EDGE('',*,*,#1204,.T.);
#875=ORIENTED_EDGE('',*,*,#1207,.T.);
#876=ORIENTED_EDGE('',*,*,#1209,.T.);
#877=ORIENTED_EDGE('',*,*,#1213,.F.);
#878=ORIENTED_EDGE('',*,*,#1214,.F.);
#879=ORIENTED_EDGE('',*,*,#1200,.F.);
#880=ORIENTED_EDGE('',*,*,#1212,.F.);
#881=ORIENTED_EDGE('',*,*,#1070,.T.);
#882=ORIENTED_EDGE('',*,*,#1049,.F.);
#883=ORIENTED_EDGE('',*,*,#1065,.T.);
#884=ORIENTED_EDGE('',*,*,#1072,.F.);
#885=ORIENTED_EDGE('',*,*,#1094,.T.);
#886=ORIENTED_EDGE('',*,*,#1073,.F.);
#887=ORIENTED_EDGE('',*,*,#1089,.T.);
#888=ORIENTED_EDGE('',*,*,#1096,.F.);
#889=ORIENTED_EDGE('',*,*,#1215,.T.);
#890=ORIENTED_EDGE('',*,*,#1125,.F.);
#891=ORIENTED_EDGE('',*,*,#1116,.T.);
#892=ORIENTED_EDGE('',*,*,#1114,.T.);
#893=ORIENTED_EDGE('',*,*,#1108,.T.);
#894=ORIENTED_EDGE('',*,*,#1106,.T.);
#895=ORIENTED_EDGE('',*,*,#1103,.T.);
#896=ORIENTED_EDGE('',*,*,#1124,.F.);
#897=ORIENTED_EDGE('',*,*,#1197,.T.);
#898=ORIENTED_EDGE('',*,*,#1216,.T.);
#899=ORIENTED_EDGE('',*,*,#1210,.T.);
#900=ORIENTED_EDGE('',*,*,#1205,.T.);
#901=ORIENTED_EDGE('',*,*,#1202,.T.);
#902=ORIENTED_EDGE('',*,*,#1201,.T.);
#903=ORIENTED_EDGE('',*,*,#1214,.T.);
#904=ORIENTED_EDGE('',*,*,#1217,.T.);
#905=ORIENTED_EDGE('',*,*,#1027,.T.);
#906=ORIENTED_EDGE('',*,*,#1025,.T.);
#907=ORIENTED_EDGE('',*,*,#1023,.T.);
#908=ORIENTED_EDGE('',*,*,#1028,.T.);
#909=ORIENTED_EDGE('',*,*,#1047,.T.);
#910=ORIENTED_EDGE('',*,*,#1045,.T.);
#911=ORIENTED_EDGE('',*,*,#1043,.T.);
#912=ORIENTED_EDGE('',*,*,#1048,.T.);
#913=ORIENTED_EDGE('',*,*,#1218,.T.);
#914=ORIENTED_EDGE('',*,*,#1126,.F.);
#915=ORIENTED_EDGE('',*,*,#1215,.F.);
#916=ORIENTED_EDGE('',*,*,#1219,.F.);
#917=ORIENTED_EDGE('',*,*,#1220,.T.);
#918=ORIENTED_EDGE('',*,*,#1118,.F.);
#919=ORIENTED_EDGE('',*,*,#1218,.F.);
#920=ORIENTED_EDGE('',*,*,#1221,.F.);
#921=ORIENTED_EDGE('',*,*,#1119,.F.);
#922=ORIENTED_EDGE('',*,*,#1220,.F.);
#923=ORIENTED_EDGE('',*,*,#1222,.F.);
#924=ORIENTED_EDGE('',*,*,#1223,.F.);
#925=ORIENTED_EDGE('',*,*,#1221,.T.);
#926=ORIENTED_EDGE('',*,*,#1219,.T.);
#927=ORIENTED_EDGE('',*,*,#1217,.F.);
#928=ORIENTED_EDGE('',*,*,#1213,.T.);
#929=ORIENTED_EDGE('',*,*,#1211,.T.);
#930=ORIENTED_EDGE('',*,*,#1208,.T.);
#931=ORIENTED_EDGE('',*,*,#1216,.F.);
#932=ORIENTED_EDGE('',*,*,#1196,.T.);
#933=ORIENTED_EDGE('',*,*,#1194,.T.);
#934=ORIENTED_EDGE('',*,*,#1192,.T.);
#935=ORIENTED_EDGE('',*,*,#1224,.F.);
#936=ORIENTED_EDGE('',*,*,#1222,.T.);
#937=ORIENTED_EDGE('',*,*,#1225,.T.);
#938=ORIENTED_EDGE('',*,*,#1008,.T.);
#939=ORIENTED_EDGE('',*,*,#1191,.T.);
#940=ORIENTED_EDGE('',*,*,#1120,.T.);
#941=ORIENTED_EDGE('',*,*,#1223,.T.);
#942=ORIENTED_EDGE('',*,*,#1224,.T.);
#943=ORIENTED_EDGE('',*,*,#1226,.F.);
#944=ORIENTED_EDGE('',*,*,#1225,.F.);
#945=ORIENTED_EDGE('',*,*,#1227,.T.);
#946=ORIENTED_EDGE('',*,*,#1226,.T.);
#947=ORIENTED_EDGE('',*,*,#1228,.F.);
#948=ORIENTED_EDGE('',*,*,#1227,.F.);
#949=ORIENTED_EDGE('',*,*,#1229,.T.);
#950=ORIENTED_EDGE('',*,*,#1228,.T.);
#951=ORIENTED_EDGE('',*,*,#1230,.F.);
#952=ORIENTED_EDGE('',*,*,#1231,.F.);
#953=ORIENTED_EDGE('',*,*,#1232,.F.);
#954=ORIENTED_EDGE('',*,*,#1233,.T.);
#955=ORIENTED_EDGE('',*,*,#1234,.T.);
#956=ORIENTED_EDGE('',*,*,#1235,.T.);
#957=ORIENTED_EDGE('',*,*,#1236,.T.);
#958=ORIENTED_EDGE('',*,*,#983,.T.);
#959=ORIENTED_EDGE('',*,*,#1237,.T.);
#960=ORIENTED_EDGE('',*,*,#1231,.T.);
#961=ORIENTED_EDGE('',*,*,#1237,.F.);
#962=ORIENTED_EDGE('',*,*,#982,.T.);
#963=ORIENTED_EDGE('',*,*,#980,.F.);
#964=ORIENTED_EDGE('',*,*,#984,.T.);
#965=ORIENTED_EDGE('',*,*,#1236,.F.);
#966=ORIENTED_EDGE('',*,*,#1230,.T.);
#967=ORIENTED_EDGE('',*,*,#1238,.F.);
#968=ORIENTED_EDGE('',*,*,#1232,.T.);
#969=ORIENTED_EDGE('',*,*,#1229,.F.);
#970=ORIENTED_EDGE('',*,*,#1235,.F.);
#971=ORIENTED_EDGE('',*,*,#1239,.F.);
#972=ORIENTED_EDGE('',*,*,#1233,.F.);
#973=ORIENTED_EDGE('',*,*,#1238,.T.);
#974=ORIENTED_EDGE('',*,*,#1234,.F.);
#975=ORIENTED_EDGE('',*,*,#1239,.T.);
#976=EDGE_CURVE('',#1240,#1241,#1416,.T.);
#977=EDGE_CURVE('',#1242,#1240,#56,.T.);
#978=EDGE_CURVE('',#1241,#1242,#46,.T.);
#979=EDGE_CURVE('',#1243,#1242,#47,.T.);
#980=EDGE_CURVE('',#1243,#1244,#1417,.T.);
#981=EDGE_CURVE('',#1240,#1244,#48,.T.);
#982=EDGE_CURVE('',#1245,#1244,#1418,.T.);
#983=EDGE_CURVE('',#1246,#1245,#57,.T.);
#984=EDGE_CURVE('',#1243,#1246,#1419,.T.);
#985=EDGE_CURVE('',#1247,#1248,#1420,.T.);
#986=EDGE_CURVE('',#1249,#1247,#58,.T.);
#987=EDGE_CURVE('',#1248,#1249,#49,.T.);
#988=EDGE_CURVE('',#1250,#1249,#50,.T.);
#989=EDGE_CURVE('',#1250,#1251,#1421,.T.);
#990=EDGE_CURVE('',#1247,#1251,#51,.T.);
#991=EDGE_CURVE('',#1252,#1251,#1422,.T.);
#992=EDGE_CURVE('',#1253,#1252,#59,.T.);
#993=EDGE_CURVE('',#1250,#1253,#1423,.T.);
#994=EDGE_CURVE('',#1254,#1255,#60,.T.);
#995=EDGE_CURVE('',#1254,#1255,#1424,.T.);
#996=EDGE_CURVE('',#1255,#1256,#52,.T.);
#997=EDGE_CURVE('',#1257,#1254,#53,.T.);
#998=EDGE_CURVE('',#1257,#1256,#1425,.T.);
#999=EDGE_CURVE('',#1258,#1256,#1426,.T.);
#1000=EDGE_CURVE('',#1259,#1258,#61,.T.);
#1001=EDGE_CURVE('',#1257,#1259,#1427,.T.);
#1002=EDGE_CURVE('',#1258,#1253,#1428,.T.);
#1003=EDGE_CURVE('',#1252,#1259,#1429,.T.);
#1004=EDGE_CURVE('',#1260,#1260,#1430,.T.);
#1005=EDGE_CURVE('',#1261,#1261,#1431,.T.);
#1006=EDGE_CURVE('',#1262,#1262,#1432,.T.);
#1007=EDGE_CURVE('',#1263,#1263,#1433,.T.);
#1008=EDGE_CURVE('',#1264,#1264,#1434,.T.);
#1009=EDGE_CURVE('',#1265,#1266,#62,.T.);
#1010=EDGE_CURVE('',#1267,#1265,#63,.T.);
#1011=EDGE_CURVE('',#1267,#1268,#64,.T.);
#1012=EDGE_CURVE('',#1268,#1266,#65,.T.);
#1013=EDGE_CURVE('',#1269,#1270,#66,.T.);
#1014=EDGE_CURVE('',#1266,#1270,#67,.T.);
#1015=EDGE_CURVE('',#1268,#1269,#68,.T.);
#1016=EDGE_CURVE('',#1265,#1271,#69,.T.);
#1017=EDGE_CURVE('',#1270,#1271,#70,.T.);
#1018=EDGE_CURVE('',#1271,#1272,#71,.T.);
#1019=EDGE_CURVE('',#1267,#1272,#72,.T.);
#1020=EDGE_CURVE('',#1269,#1272,#73,.T.);
#1021=EDGE_CURVE('',#1272,#1273,#74,.T.);
#1022=EDGE_CURVE('',#1269,#1274,#75,.T.);
#1023=EDGE_CURVE('',#1273,#1274,#76,.T.);
#1024=EDGE_CURVE('',#1275,#1267,#77,.T.);
#1025=EDGE_CURVE('',#1275,#1273,#78,.T.);
#1026=EDGE_CURVE('',#1268,#1276,#79,.T.);
#1027=EDGE_CURVE('',#1276,#1275,#80,.T.);
#1028=EDGE_CURVE('',#1274,#1276,#81,.T.);
#1029=EDGE_CURVE('',#1277,#1278,#82,.T.);
#1030=EDGE_CURVE('',#1279,#1277,#83,.T.);
#1031=EDGE_CURVE('',#1279,#1280,#84,.T.);
#1032=EDGE_CURVE('',#1280,#1278,#85,.T.);
#1033=EDGE_CURVE('',#1281,#1282,#86,.T.);
#1034=EDGE_CURVE('',#1278,#1282,#87,.T.);
#1035=EDGE_CURVE('',#1280,#1281,#88,.T.);
#1036=EDGE_CURVE('',#1277,#1283,#89,.T.);
#1037=EDGE_CURVE('',#1282,#1283,#90,.T.);
#1038=EDGE_CURVE('',#1283,#1284,#91,.T.);
#1039=EDGE_CURVE('',#1279,#1284,#92,.T.);
#1040=EDGE_CURVE('',#1281,#1284,#93,.T.);
#1041=EDGE_CURVE('',#1284,#1285,#94,.T.);
#1042=EDGE_CURVE('',#1281,#1286,#95,.T.);
#1043=EDGE_CURVE('',#1285,#1286,#96,.T.);
#1044=EDGE_CURVE('',#1287,#1279,#97,.T.);
#1045=EDGE_CURVE('',#1287,#1285,#98,.T.);
#1046=EDGE_CURVE('',#1280,#1288,#99,.T.);
#1047=EDGE_CURVE('',#1288,#1287,#100,.T.);
#1048=EDGE_CURVE('',#1286,#1288,#101,.T.);
#1049=EDGE_CURVE('',#1289,#1290,#102,.T.);
#1050=EDGE_CURVE('',#1291,#1290,#1435,.T.);
#1051=EDGE_CURVE('',#1291,#1292,#103,.T.);
#1052=EDGE_CURVE('',#1289,#1292,#1436,.T.);
#1053=EDGE_CURVE('',#1293,#1294,#104,.T.);
#1054=EDGE_CURVE('',#1295,#1293,#105,.T.);
#1055=EDGE_CURVE('',#1295,#1296,#106,.T.);
#1056=EDGE_CURVE('',#1294,#1296,#107,.T.);
#1057=EDGE_CURVE('',#1293,#1297,#108,.T.);
#1058=EDGE_CURVE('',#1298,#1297,#109,.T.);
#1059=EDGE_CURVE('',#1299,#1298,#110,.T.);
#1060=EDGE_CURVE('',#1300,#1299,#111,.T.);
#1061=EDGE_CURVE('',#1300,#1295,#112,.T.);
#1062=EDGE_CURVE('',#1301,#1300,#113,.T.);
#1063=EDGE_CURVE('',#1296,#1301,#114,.T.);
#1064=EDGE_CURVE('',#1299,#1302,#1437,.T.);
#1065=EDGE_CURVE('',#1289,#1302,#115,.T.);
#1066=EDGE_CURVE('',#1292,#1301,#116,.T.);
#1067=EDGE_CURVE('',#1303,#1291,#117,.T.);
#1068=EDGE_CURVE('',#1303,#1294,#118,.T.);
#1069=EDGE_CURVE('',#1297,#1303,#119,.T.);
#1070=EDGE_CURVE('',#1304,#1290,#120,.T.);
#1071=EDGE_CURVE('',#1304,#1298,#1438,.T.);
#1072=EDGE_CURVE('',#1304,#1302,#121,.T.);
#1073=EDGE_CURVE('',#1305,#1306,#122,.T.);
#1074=EDGE_CURVE('',#1307,#1306,#1439,.T.);
#1075=EDGE_CURVE('',#1307,#1308,#123,.T.);
#1076=EDGE_CURVE('',#1305,#1308,#1440,.T.);
#1077=EDGE_CURVE('',#1309,#1310,#124,.T.);
#1078=EDGE_CURVE('',#1311,#1309,#125,.T.);
#1079=EDGE_CURVE('',#1311,#1312,#126,.T.);
#1080=EDGE_CURVE('',#1310,#1312,#127,.T.);
#1081=EDGE_CURVE('',#1309,#1313,#128,.T.);
#1082=EDGE_CURVE('',#1314,#1313,#129,.T.);
#1083=EDGE_CURVE('',#1315,#1314,#130,.T.);
#1084=EDGE_CURVE('',#1316,#1315,#131,.T.);
#1085=EDGE_CURVE('',#1316,#1311,#132,.T.);
#1086=EDGE_CURVE('',#1317,#1316,#133,.T.);
#1087=EDGE_CURVE('',#1312,#1317,#134,.T.);
#1088=EDGE_CURVE('',#1315,#1318,#1441,.T.);
#1089=EDGE_CURVE('',#1305,#1318,#135,.T.);
#1090=EDGE_CURVE('',#1308,#1317,#136,.T.);
#1091=EDGE_CURVE('',#1319,#1307,#137,.T.);
#1092=EDGE_CURVE('',#1319,#1310,#138,.T.);
#1093=EDGE_CURVE('',#1313,#1319,#139,.T.);
#1094=EDGE_CURVE('',#1320,#1306,#140,.T.);
#1095=EDGE_CURVE('',#1320,#1314,#1442,.T.);
#1096=EDGE_CURVE('',#1320,#1318,#141,.T.);
#1097=EDGE_CURVE('',#1321,#1322,#1443,.T.);
#1098=EDGE_CURVE('',#1321,#1323,#142,.T.);
#1099=EDGE_CURVE('',#1324,#1323,#1444,.T.);
#1100=EDGE_CURVE('',#1324,#1322,#143,.T.);
#1101=EDGE_CURVE('',#1325,#1326,#144,.T.);
#1102=EDGE_CURVE('',#1327,#1325,#145,.T.);
#1103=EDGE_CURVE('',#1328,#1327,#146,.T.);
#1104=EDGE_CURVE('',#1326,#1328,#147,.T.);
#1105=EDGE_CURVE('',#1326,#1329,#1445,.T.);
#1106=EDGE_CURVE('',#1330,#1328,#1446,.T.);
#1107=EDGE_CURVE('',#1330,#1329,#148,.T.);
#1108=EDGE_CURVE('',#1331,#1330,#149,.T.);
#1109=EDGE_CURVE('',#1332,#1331,#150,.T.);
#1110=EDGE_CURVE('',#1329,#1332,#151,.T.);
#1111=EDGE_CURVE('',#1332,#1333,#1447,.T.);
#1112=EDGE_CURVE('',#1333,#1334,#152,.T.);
#1113=EDGE_CURVE('',#1325,#1334,#153,.T.);
#1114=EDGE_CURVE('',#1335,#1331,#1448,.T.);
#1115=EDGE_CURVE('',#1335,#1333,#154,.T.);
#1116=EDGE_CURVE('',#1336,#1335,#155,.T.);
#1117=EDGE_CURVE('',#1334,#1336,#156,.T.);
#1118=EDGE_CURVE('',#1337,#1338,#157,.T.);
#1119=EDGE_CURVE('',#1338,#1339,#158,.T.);
#1120=EDGE_CURVE('',#1340,#1339,#159,.T.);
#1121=EDGE_CURVE('',#1340,#1341,#160,.T.);
#1122=EDGE_CURVE('',#1341,#1342,#161,.T.);
#1123=EDGE_CURVE('',#1342,#1343,#162,.T.);
#1124=EDGE_CURVE('',#1343,#1327,#163,.T.);
#1125=EDGE_CURVE('',#1336,#1344,#164,.T.);
#1126=EDGE_CURVE('',#1344,#1337,#165,.T.);
#1127=EDGE_CURVE('',#1323,#1342,#166,.T.);
#1128=EDGE_CURVE('',#1345,#1341,#167,.T.);
#1129=EDGE_CURVE('',#1345,#1324,#168,.T.);
#1130=EDGE_CURVE('',#1346,#1345,#169,.T.);
#1131=EDGE_CURVE('',#1322,#1346,#170,.T.);
#1132=EDGE_CURVE('',#1347,#1348,#171,.T.);
#1133=EDGE_CURVE('',#1349,#1347,#172,.T.);
#1134=EDGE_CURVE('',#1350,#1349,#173,.T.);
#1135=EDGE_CURVE('',#1350,#1348,#174,.T.);
#1136=EDGE_CURVE('',#1351,#1349,#1449,.T.);
#1137=EDGE_CURVE('',#1351,#1352,#175,.T.);
#1138=EDGE_CURVE('',#1350,#1352,#1450,.T.);
#1139=EDGE_CURVE('',#1347,#1353,#176,.T.);
#1140=EDGE_CURVE('',#1353,#1354,#177,.T.);
#1141=EDGE_CURVE('',#1354,#1351,#178,.T.);
#1142=EDGE_CURVE('',#1355,#1354,#179,.T.);
#1143=EDGE_CURVE('',#1352,#1355,#180,.T.);
#1144=EDGE_CURVE('',#1355,#1356,#181,.T.);
#1145=EDGE_CURVE('',#1356,#1348,#182,.T.);
#1146=EDGE_CURVE('',#1357,#1345,#183,.T.);
#1147=EDGE_CURVE('',#1358,#1357,#184,.T.);
#1148=EDGE_CURVE('',#1358,#1353,#185,.T.);
#1149=EDGE_CURVE('',#1356,#1346,#186,.T.);
#1150=EDGE_CURVE('',#1359,#1360,#1451,.T.);
#1151=EDGE_CURVE('',#1321,#1360,#187,.T.);
#1152=EDGE_CURVE('',#1358,#1359,#188,.T.);
#1153=EDGE_CURVE('',#1361,#1362,#1452,.T.);
#1154=EDGE_CURVE('',#1361,#1360,#189,.T.);
#1155=EDGE_CURVE('',#1359,#1362,#190,.T.);
#1156=EDGE_CURVE('',#1362,#1357,#191,.T.);
#1157=EDGE_CURVE('',#1363,#1364,#1453,.T.);
#1158=EDGE_CURVE('',#1363,#1365,#192,.T.);
#1159=EDGE_CURVE('',#1366,#1365,#1454,.T.);
#1160=EDGE_CURVE('',#1366,#1364,#193,.T.);
#1161=EDGE_CURVE('',#1367,#1357,#194,.T.);
#1162=EDGE_CURVE('',#1367,#1366,#195,.T.);
#1163=EDGE_CURVE('',#1361,#1365,#196,.T.);
#1164=EDGE_CURVE('',#1368,#1367,#197,.T.);
#1165=EDGE_CURVE('',#1364,#1368,#198,.T.);
#1166=EDGE_CURVE('',#1369,#1370,#199,.T.);
#1167=EDGE_CURVE('',#1371,#1369,#200,.T.);
#1168=EDGE_CURVE('',#1372,#1371,#201,.T.);
#1169=EDGE_CURVE('',#1370,#1372,#202,.T.);
#1170=EDGE_CURVE('',#1369,#1373,#203,.T.);
#1171=EDGE_CURVE('',#1373,#1374,#204,.T.);
#1172=EDGE_CURVE('',#1375,#1374,#205,.T.);
#1173=EDGE_CURVE('',#1375,#1371,#1455,.T.);
#1174=EDGE_CURVE('',#1376,#1374,#206,.T.);
#1175=EDGE_CURVE('',#1377,#1376,#207,.T.);
#1176=EDGE_CURVE('',#1375,#1377,#208,.T.);
#1177=EDGE_CURVE('',#1372,#1377,#1456,.T.);
#1178=EDGE_CURVE('',#1376,#1378,#209,.T.);
#1179=EDGE_CURVE('',#1370,#1378,#210,.T.);
#1180=EDGE_CURVE('',#1379,#1380,#1457,.T.);
#1181=EDGE_CURVE('',#1379,#1381,#211,.T.);
#1182=EDGE_CURVE('',#1382,#1381,#1458,.T.);
#1183=EDGE_CURVE('',#1382,#1380,#212,.T.);
#1184=EDGE_CURVE('',#1383,#1382,#213,.T.);
#1185=EDGE_CURVE('',#1383,#1384,#214,.T.);
#1186=EDGE_CURVE('',#1380,#1384,#215,.T.);
#1187=EDGE_CURVE('',#1363,#1381,#216,.T.);
#1188=EDGE_CURVE('',#1368,#1373,#217,.T.);
#1189=EDGE_CURVE('',#1378,#1383,#218,.T.);
#1190=EDGE_CURVE('',#1384,#1367,#219,.T.);
#1191=EDGE_CURVE('',#1385,#1340,#220,.T.);
#1192=EDGE_CURVE('',#1386,#1385,#221,.T.);
#1193=EDGE_CURVE('',#1386,#1384,#222,.T.);
#1194=EDGE_CURVE('',#1387,#1386,#223,.T.);
#1195=EDGE_CURVE('',#1379,#1387,#224,.T.);
#1196=EDGE_CURVE('',#1388,#1387,#225,.T.);
#1197=EDGE_CURVE('',#1343,#1388,#226,.T.);
#1198=EDGE_CURVE('',#1389,#1390,#227,.T.);
#1199=EDGE_CURVE('',#1391,#1390,#1459,.T.);
#1200=EDGE_CURVE('',#1391,#1392,#228,.T.);
#1201=EDGE_CURVE('',#1389,#1392,#1460,.T.);
#1202=EDGE_CURVE('',#1393,#1389,#229,.T.);
#1203=EDGE_CURVE('',#1394,#1393,#230,.T.);
#1204=EDGE_CURVE('',#1390,#1394,#231,.T.);
#1205=EDGE_CURVE('',#1395,#1393,#1461,.T.);
#1206=EDGE_CURVE('',#1395,#1396,#232,.T.);
#1207=EDGE_CURVE('',#1394,#1396,#1462,.T.);
#1208=EDGE_CURVE('',#1397,#1398,#233,.T.);
#1209=EDGE_CURVE('',#1396,#1397,#234,.T.);
#1210=EDGE_CURVE('',#1398,#1395,#235,.T.);
#1211=EDGE_CURVE('',#1399,#1397,#236,.T.);
#1212=EDGE_CURVE('',#1399,#1391,#237,.T.);
#1213=EDGE_CURVE('',#1400,#1399,#238,.T.);
#1214=EDGE_CURVE('',#1392,#1400,#239,.T.);
#1215=EDGE_CURVE('',#1401,#1344,#240,.T.);
#1216=EDGE_CURVE('',#1388,#1398,#241,.T.);
#1217=EDGE_CURVE('',#1400,#1401,#242,.T.);
#1218=EDGE_CURVE('',#1402,#1337,#243,.T.);
#1219=EDGE_CURVE('',#1402,#1401,#244,.T.);
#1220=EDGE_CURVE('',#1403,#1338,#245,.T.);
#1221=EDGE_CURVE('',#1403,#1402,#246,.T.);
#1222=EDGE_CURVE('',#1404,#1403,#247,.T.);
#1223=EDGE_CURVE('',#1339,#1404,#248,.T.);
#1224=EDGE_CURVE('',#1404,#1385,#249,.T.);
#1225=EDGE_CURVE('',#1405,#1405,#1463,.T.);
#1226=EDGE_CURVE('',#1406,#1406,#1464,.T.);
#1227=EDGE_CURVE('',#1407,#1407,#1465,.T.);
#1228=EDGE_CURVE('',#1408,#1408,#1466,.T.);
#1229=EDGE_CURVE('',#1409,#1409,#1467,.T.);
#1230=EDGE_CURVE('',#1410,#1411,#1468,.T.);
#1231=EDGE_CURVE('',#1412,#1410,#250,.T.);
#1232=EDGE_CURVE('',#1413,#1412,#1469,.T.);
#1233=EDGE_CURVE('',#1413,#1414,#54,.T.);
#1234=EDGE_CURVE('',#1414,#1415,#251,.T.);
#1235=EDGE_CURVE('',#1415,#1411,#55,.T.);
#1236=EDGE_CURVE('',#1410,#1246,#1470,.T.);
#1237=EDGE_CURVE('',#1245,#1412,#1471,.T.);
#1238=EDGE_CURVE('',#1413,#1411,#1472,.T.);
#1239=EDGE_CURVE('',#1414,#1415,#1473,.T.);
#1240=VERTEX_POINT('',#3346);
#1241=VERTEX_POINT('',#3347);
#1242=VERTEX_POINT('',#3349);
#1243=VERTEX_POINT('',#3361);
#1244=VERTEX_POINT('',#3363);
#1245=VERTEX_POINT('',#3370);
#1246=VERTEX_POINT('',#3372);
#1247=VERTEX_POINT('',#3376);
#1248=VERTEX_POINT('',#3377);
#1249=VERTEX_POINT('',#3379);
#1250=VERTEX_POINT('',#3391);
#1251=VERTEX_POINT('',#3393);
#1252=VERTEX_POINT('',#3400);
#1253=VERTEX_POINT('',#3402);
#1254=VERTEX_POINT('',#3406);
#1255=VERTEX_POINT('',#3407);
#1256=VERTEX_POINT('',#3414);
#1257=VERTEX_POINT('',#3419);
#1258=VERTEX_POINT('',#3423);
#1259=VERTEX_POINT('',#3425);
#1260=VERTEX_POINT('',#3432);
#1261=VERTEX_POINT('',#3435);
#1262=VERTEX_POINT('',#3438);
#1263=VERTEX_POINT('',#3441);
#1264=VERTEX_POINT('',#3444);
#1265=VERTEX_POINT('',#3447);
#1266=VERTEX_POINT('',#3448);
#1267=VERTEX_POINT('',#3450);
#1268=VERTEX_POINT('',#3452);
#1269=VERTEX_POINT('',#3456);
#1270=VERTEX_POINT('',#3457);
#1271=VERTEX_POINT('',#3462);
#1272=VERTEX_POINT('',#3466);
#1273=VERTEX_POINT('',#3472);
#1274=VERTEX_POINT('',#3474);
#1275=VERTEX_POINT('',#3478);
#1276=VERTEX_POINT('',#3482);
#1277=VERTEX_POINT('',#3488);
#1278=VERTEX_POINT('',#3489);
#1279=VERTEX_POINT('',#3491);
#1280=VERTEX_POINT('',#3493);
#1281=VERTEX_POINT('',#3497);
#1282=VERTEX_POINT('',#3498);
#1283=VERTEX_POINT('',#3503);
#1284=VERTEX_POINT('',#3507);
#1285=VERTEX_POINT('',#3513);
#1286=VERTEX_POINT('',#3515);
#1287=VERTEX_POINT('',#3519);
#1288=VERTEX_POINT('',#3523);
#1289=VERTEX_POINT('',#3529);
#1290=VERTEX_POINT('',#3530);
#1291=VERTEX_POINT('',#3532);
#1292=VERTEX_POINT('',#3534);
#1293=VERTEX_POINT('',#3538);
#1294=VERTEX_POINT('',#3539);
#1295=VERTEX_POINT('',#3541);
#1296=VERTEX_POINT('',#3543);
#1297=VERTEX_POINT('',#3547);
#1298=VERTEX_POINT('',#3549);
#1299=VERTEX_POINT('',#3551);
#1300=VERTEX_POINT('',#3553);
#1301=VERTEX_POINT('',#3557);
#1302=VERTEX_POINT('',#3561);
#1303=VERTEX_POINT('',#3566);
#1304=VERTEX_POINT('',#3572);
#1305=VERTEX_POINT('',#3578);
#1306=VERTEX_POINT('',#3579);
#1307=VERTEX_POINT('',#3581);
#1308=VERTEX_POINT('',#3583);
#1309=VERTEX_POINT('',#3587);
#1310=VERTEX_POINT('',#3588);
#1311=VERTEX_POINT('',#3590);
#1312=VERTEX_POINT('',#3592);
#1313=VERTEX_POINT('',#3596);
#1314=VERTEX_POINT('',#3598);
#1315=VERTEX_POINT('',#3600);
#1316=VERTEX_POINT('',#3602);
#1317=VERTEX_POINT('',#3606);
#1318=VERTEX_POINT('',#3610);
#1319=VERTEX_POINT('',#3615);
#1320=VERTEX_POINT('',#3621);
#1321=VERTEX_POINT('',#3627);
#1322=VERTEX_POINT('',#3628);
#1323=VERTEX_POINT('',#3630);
#1324=VERTEX_POINT('',#3632);
#1325=VERTEX_POINT('',#3636);
#1326=VERTEX_POINT('',#3637);
#1327=VERTEX_POINT('',#3639);
#1328=VERTEX_POINT('',#3641);
#1329=VERTEX_POINT('',#3645);
#1330=VERTEX_POINT('',#3647);
#1331=VERTEX_POINT('',#3651);
#1332=VERTEX_POINT('',#3653);
#1333=VERTEX_POINT('',#3657);
#1334=VERTEX_POINT('',#3659);
#1335=VERTEX_POINT('',#3663);
#1336=VERTEX_POINT('',#3667);
#1337=VERTEX_POINT('',#3671);
#1338=VERTEX_POINT('',#3672);
#1339=VERTEX_POINT('',#3674);
#1340=VERTEX_POINT('',#3676);
#1341=VERTEX_POINT('',#3678);
#1342=VERTEX_POINT('',#3680);
#1343=VERTEX_POINT('',#3682);
#1344=VERTEX_POINT('',#3685);
#1345=VERTEX_POINT('',#3690);
#1346=VERTEX_POINT('',#3694);
#1347=VERTEX_POINT('',#3698);
#1348=VERTEX_POINT('',#3699);
#1349=VERTEX_POINT('',#3701);
#1350=VERTEX_POINT('',#3703);
#1351=VERTEX_POINT('',#3707);
#1352=VERTEX_POINT('',#3709);
#1353=VERTEX_POINT('',#3713);
#1354=VERTEX_POINT('',#3715);
#1355=VERTEX_POINT('',#3719);
#1356=VERTEX_POINT('',#3723);
#1357=VERTEX_POINT('',#3727);
#1358=VERTEX_POINT('',#3729);
#1359=VERTEX_POINT('',#3734);
#1360=VERTEX_POINT('',#3735);
#1361=VERTEX_POINT('',#3740);
#1362=VERTEX_POINT('',#3741);
#1363=VERTEX_POINT('',#3748);
#1364=VERTEX_POINT('',#3749);
#1365=VERTEX_POINT('',#3751);
#1366=VERTEX_POINT('',#3753);
#1367=VERTEX_POINT('',#3757);
#1368=VERTEX_POINT('',#3762);
#1369=VERTEX_POINT('',#3766);
#1370=VERTEX_POINT('',#3767);
#1371=VERTEX_POINT('',#3769);
#1372=VERTEX_POINT('',#3771);
#1373=VERTEX_POINT('',#3775);
#1374=VERTEX_POINT('',#3777);
#1375=VERTEX_POINT('',#3779);
#1376=VERTEX_POINT('',#3783);
#1377=VERTEX_POINT('',#3785);
#1378=VERTEX_POINT('',#3791);
#1379=VERTEX_POINT('',#3795);
#1380=VERTEX_POINT('',#3796);
#1381=VERTEX_POINT('',#3798);
#1382=VERTEX_POINT('',#3800);
#1383=VERTEX_POINT('',#3804);
#1384=VERTEX_POINT('',#3806);
#1385=VERTEX_POINT('',#3816);
#1386=VERTEX_POINT('',#3818);
#1387=VERTEX_POINT('',#3822);
#1388=VERTEX_POINT('',#3826);
#1389=VERTEX_POINT('',#3830);
#1390=VERTEX_POINT('',#3831);
#1391=VERTEX_POINT('',#3833);
#1392=VERTEX_POINT('',#3835);
#1393=VERTEX_POINT('',#3839);
#1394=VERTEX_POINT('',#3841);
#1395=VERTEX_POINT('',#3845);
#1396=VERTEX_POINT('',#3847);
#1397=VERTEX_POINT('',#3851);
#1398=VERTEX_POINT('',#3852);
#1399=VERTEX_POINT('',#3857);
#1400=VERTEX_POINT('',#3861);
#1401=VERTEX_POINT('',#3865);
#1402=VERTEX_POINT('',#3870);
#1403=VERTEX_POINT('',#3874);
#1404=VERTEX_POINT('',#3878);
#1405=VERTEX_POINT('',#3884);
#1406=VERTEX_POINT('',#3887);
#1407=VERTEX_POINT('',#3890);
#1408=VERTEX_POINT('',#3893);
#1409=VERTEX_POINT('',#3896);
#1410=VERTEX_POINT('',#3899);
#1411=VERTEX_POINT('',#3900);
#1412=VERTEX_POINT('',#3902);
#1413=VERTEX_POINT('',#3904);
#1414=VERTEX_POINT('',#3909);
#1415=VERTEX_POINT('',#3911);
#1416=CIRCLE('',#2654,1.221224900413);
#1417=CIRCLE('',#2656,1.320635118074);
#1418=CIRCLE('',#2658,2278.57382929281);
#1419=CIRCLE('',#2659,2278.57380897213);
#1420=CIRCLE('',#2661,1.22122490041);
#1421=CIRCLE('',#2663,1.320635118071);
#1422=CIRCLE('',#2665,2278.57367792646);
#1423=CIRCLE('',#2666,2278.57369430739);
#1424=CIRCLE('',#2668,1.22122490041);
#1425=CIRCLE('',#2670,1.320635118071);
#1426=CIRCLE('',#2672,2278.57366658183);
#1427=CIRCLE('',#2673,2278.57370058868);
#1428=CIRCLE('',#2675,1.376363636364);
#1429=CIRCLE('',#2676,1.376363636364);
#1430=CIRCLE('',#2678,1.381829073303);
#1431=CIRCLE('',#2680,1.475);
#1432=CIRCLE('',#2682,1.475);
#1433=CIRCLE('',#2684,1.475);
#1434=CIRCLE('',#2686,1.475);
#1435=CIRCLE('',#2706,0.3);
#1436=CIRCLE('',#2707,0.3);
#1437=CIRCLE('',#2712,0.9000000000005);
#1438=CIRCLE('',#2716,0.9000000000005);
#1439=CIRCLE('',#2719,0.3);
#1440=CIRCLE('',#2720,0.3);
#1441=CIRCLE('',#2725,0.9);
#1442=CIRCLE('',#2729,0.9);
#1443=CIRCLE('',#2732,0.15);
#1444=CIRCLE('',#2733,0.15);
#1445=CIRCLE('',#2736,0.1);
#1446=CIRCLE('',#2737,0.1);
#1447=CIRCLE('',#2740,0.1000000000028);
#1448=CIRCLE('',#2742,0.1000000000028);
#1449=CIRCLE('',#2749,0.5);
#1450=CIRCLE('',#2750,0.5);
#1451=CIRCLE('',#2756,0.15);
#1452=CIRCLE('',#2758,0.15);
#1453=CIRCLE('',#2761,0.1499999999999);
#1454=CIRCLE('',#2762,0.1499999999999);
#1455=CIRCLE('',#2767,0.5);
#1456=CIRCLE('',#2770,0.5);
#1457=CIRCLE('',#2773,0.1499999999999);
#1458=CIRCLE('',#2774,0.1499999999999);
#1459=CIRCLE('',#2782,0.1);
#1460=CIRCLE('',#2783,0.1);
#1461=CIRCLE('',#2786,0.1);
#1462=CIRCLE('',#2787,0.1);
#1463=CIRCLE('',#2797,1.475);
#1464=CIRCLE('',#2799,1.475);
#1465=CIRCLE('',#2801,1.475);
#1466=CIRCLE('',#2803,1.475);
#1467=CIRCLE('',#2805,1.381829073303);
#1468=CIRCLE('',#2807,2278.5736981378);
#1469=CIRCLE('',#2808,2278.57368507225);
#1470=CIRCLE('',#2810,1.376363636364);
#1471=CIRCLE('',#2811,1.376363636364);
#1472=CIRCLE('',#2813,1.32063511807);
#1473=CIRCLE('',#2815,1.22122490041);
#1474=EDGE_LOOP('',(#448,#449,#450));
#1475=EDGE_LOOP('',(#451,#452,#453,#454,#455));
#1476=EDGE_LOOP('',(#456,#457,#458,#459,#460,#461));
#1477=EDGE_LOOP('',(#462,#463,#464));
#1478=EDGE_LOOP('',(#465,#466,#467,#468,#469));
#1479=EDGE_LOOP('',(#470,#471,#472,#473,#474,#475));
#1480=EDGE_LOOP('',(#476,#477));
#1481=EDGE_LOOP('',(#478,#479,#480,#481));
#1482=EDGE_LOOP('',(#482,#483,#484,#485,#486,#487));
#1483=EDGE_LOOP('',(#488,#489,#490,#491));
#1484=EDGE_LOOP('',(#492,#493,#494,#495,#496,#497,#498,#499));
#1485=EDGE_LOOP('',(#500));
#1486=EDGE_LOOP('',(#501));
#1487=EDGE_LOOP('',(#502));
#1488=EDGE_LOOP('',(#503));
#1489=EDGE_LOOP('',(#504));
#1490=EDGE_LOOP('',(#505));
#1491=EDGE_LOOP('',(#506));
#1492=EDGE_LOOP('',(#507));
#1493=EDGE_LOOP('',(#508));
#1494=EDGE_LOOP('',(#509,#510,#511,#512));
#1495=EDGE_LOOP('',(#513,#514,#515,#516));
#1496=EDGE_LOOP('',(#517,#518,#519,#520));
#1497=EDGE_LOOP('',(#521,#522,#523,#524));
#1498=EDGE_LOOP('',(#525,#526,#527,#528));
#1499=EDGE_LOOP('',(#529,#530,#531,#532));
#1500=EDGE_LOOP('',(#533,#534,#535,#536));
#1501=EDGE_LOOP('',(#537,#538,#539,#540));
#1502=EDGE_LOOP('',(#541,#542,#543,#544));
#1503=EDGE_LOOP('',(#545,#546,#547,#548));
#1504=EDGE_LOOP('',(#549,#550,#551,#552));
#1505=EDGE_LOOP('',(#553,#554,#555,#556));
#1506=EDGE_LOOP('',(#557,#558,#559,#560));
#1507=EDGE_LOOP('',(#561,#562,#563,#564));
#1508=EDGE_LOOP('',(#565,#566,#567,#568));
#1509=EDGE_LOOP('',(#569,#570,#571,#572));
#1510=EDGE_LOOP('',(#573,#574,#575,#576));
#1511=EDGE_LOOP('',(#577,#578,#579,#580));
#1512=EDGE_LOOP('',(#581,#582,#583,#584));
#1513=EDGE_LOOP('',(#585,#586,#587,#588));
#1514=EDGE_LOOP('',(#589,#590,#591,#592,#593,#594));
#1515=EDGE_LOOP('',(#595,#596,#597,#598));
#1516=EDGE_LOOP('',(#599,#600,#601,#602,#603,#604));
#1517=EDGE_LOOP('',(#605,#606,#607,#608,#609,#610));
#1518=EDGE_LOOP('',(#611,#612,#613,#614));
#1519=EDGE_LOOP('',(#615,#616,#617,#618,#619,#620));
#1520=EDGE_LOOP('',(#621,#622,#623,#624));
#1521=EDGE_LOOP('',(#625,#626,#627,#628));
#1522=EDGE_LOOP('',(#629,#630,#631,#632));
#1523=EDGE_LOOP('',(#633,#634,#635,#636,#637,#638));
#1524=EDGE_LOOP('',(#639,#640,#641,#642));
#1525=EDGE_LOOP('',(#643,#644,#645,#646,#647,#648));
#1526=EDGE_LOOP('',(#649,#650,#651,#652,#653,#654));
#1527=EDGE_LOOP('',(#655,#656,#657,#658));
#1528=EDGE_LOOP('',(#659,#660,#661,#662,#663,#664));
#1529=EDGE_LOOP('',(#665,#666,#667,#668));
#1530=EDGE_LOOP('',(#669,#670,#671,#672));
#1531=EDGE_LOOP('',(#673,#674,#675,#676));
#1532=EDGE_LOOP('',(#677,#678,#679,#680));
#1533=EDGE_LOOP('',(#681,#682,#683,#684));
#1534=EDGE_LOOP('',(#685,#686,#687,#688,#689,#690));
#1535=EDGE_LOOP('',(#691,#692,#693,#694));
#1536=EDGE_LOOP('',(#695,#696,#697,#698));
#1537=EDGE_LOOP('',(#699,#700,#701,#702,#703,#704,#705,#706,#707,#708,#709,
#710));
#1538=EDGE_LOOP('',(#711,#712,#713,#714,#715));
#1539=EDGE_LOOP('',(#716,#717,#718,#719));
#1540=EDGE_LOOP('',(#720,#721,#722,#723));
#1541=EDGE_LOOP('',(#724,#725,#726,#727));
#1542=EDGE_LOOP('',(#728,#729,#730,#731,#732));
#1543=EDGE_LOOP('',(#733,#734,#735,#736));
#1544=EDGE_LOOP('',(#737,#738,#739,#740,#741));
#1545=EDGE_LOOP('',(#742,#743,#744,#745,#746,#747,#748,#749));
#1546=EDGE_LOOP('',(#750,#751,#752,#753,#754,#755,#756,#757,#758,#759));
#1547=EDGE_LOOP('',(#760,#761,#762,#763));
#1548=EDGE_LOOP('',(#764,#765,#766,#767));
#1549=EDGE_LOOP('',(#768,#769,#770,#771));
#1550=EDGE_LOOP('',(#772,#773,#774,#775,#776,#777));
#1551=EDGE_LOOP('',(#778,#779,#780,#781));
#1552=EDGE_LOOP('',(#782,#783,#784,#785));
#1553=EDGE_LOOP('',(#786,#787,#788,#789,#790));
#1554=EDGE_LOOP('',(#791,#792,#793,#794));
#1555=EDGE_LOOP('',(#795,#796,#797,#798));
#1556=EDGE_LOOP('',(#799,#800,#801,#802,#803));
#1557=EDGE_LOOP('',(#804,#805,#806,#807));
#1558=EDGE_LOOP('',(#808,#809,#810,#811));
#1559=EDGE_LOOP('',(#812,#813,#814,#815,#816,#817,#818,#819,#820,#821));
#1560=EDGE_LOOP('',(#822,#823,#824,#825,#826,#827,#828,#829));
#1561=EDGE_LOOP('',(#830,#831,#832,#833,#834,#835,#836,#837));
#1562=EDGE_LOOP('',(#838,#839,#840,#841,#842));
#1563=EDGE_LOOP('',(#843,#844,#845,#846,#847,#848,#849,#850,#851,#852,#853,
#854));
#1564=EDGE_LOOP('',(#855,#856,#857,#858));
#1565=EDGE_LOOP('',(#859,#860,#861,#862));
#1566=EDGE_LOOP('',(#863,#864,#865,#866));
#1567=EDGE_LOOP('',(#867,#868,#869,#870));
#1568=EDGE_LOOP('',(#871,#872,#873,#874,#875,#876));
#1569=EDGE_LOOP('',(#877,#878,#879,#880));
#1570=EDGE_LOOP('',(#881,#882,#883,#884));
#1571=EDGE_LOOP('',(#885,#886,#887,#888));
#1572=EDGE_LOOP('',(#889,#890,#891,#892,#893,#894,#895,#896,#897,#898,#899,
#900,#901,#902,#903,#904));
#1573=EDGE_LOOP('',(#905,#906,#907,#908));
#1574=EDGE_LOOP('',(#909,#910,#911,#912));
#1575=EDGE_LOOP('',(#913,#914,#915,#916));
#1576=EDGE_LOOP('',(#917,#918,#919,#920));
#1577=EDGE_LOOP('',(#921,#922,#923,#924));
#1578=EDGE_LOOP('',(#925,#926,#927,#928,#929,#930,#931,#932,#933,#934,#935,
#936));
#1579=EDGE_LOOP('',(#937));
#1580=EDGE_LOOP('',(#938));
#1581=EDGE_LOOP('',(#939,#940,#941,#942));
#1582=EDGE_LOOP('',(#943));
#1583=EDGE_LOOP('',(#944));
#1584=EDGE_LOOP('',(#945));
#1585=EDGE_LOOP('',(#946));
#1586=EDGE_LOOP('',(#947));
#1587=EDGE_LOOP('',(#948));
#1588=EDGE_LOOP('',(#949));
#1589=EDGE_LOOP('',(#950));
#1590=EDGE_LOOP('',(#951,#952,#953,#954,#955,#956));
#1591=EDGE_LOOP('',(#957,#958,#959,#960));
#1592=EDGE_LOOP('',(#961,#962,#963,#964,#965,#966,#967,#968));
#1593=EDGE_LOOP('',(#969));
#1594=EDGE_LOOP('',(#970,#971,#972,#973));
#1595=EDGE_LOOP('',(#974,#975));
#1596=FACE_BOUND('',#1474,.T.);
#1597=FACE_BOUND('',#1475,.T.);
#1598=FACE_BOUND('',#1476,.T.);
#1599=FACE_BOUND('',#1477,.T.);
#1600=FACE_BOUND('',#1478,.T.);
#1601=FACE_BOUND('',#1479,.T.);
#1602=FACE_BOUND('',#1480,.T.);
#1603=FACE_BOUND('',#1481,.T.);
#1604=FACE_BOUND('',#1482,.T.);
#1605=FACE_BOUND('',#1483,.T.);
#1606=FACE_BOUND('',#1484,.T.);
#1607=FACE_BOUND('',#1485,.T.);
#1608=FACE_BOUND('',#1486,.T.);
#1609=FACE_BOUND('',#1487,.T.);
#1610=FACE_BOUND('',#1488,.T.);
#1611=FACE_BOUND('',#1489,.T.);
#1612=FACE_BOUND('',#1490,.T.);
#1613=FACE_BOUND('',#1491,.T.);
#1614=FACE_BOUND('',#1492,.T.);
#1615=FACE_BOUND('',#1493,.T.);
#1616=FACE_BOUND('',#1494,.T.);
#1617=FACE_BOUND('',#1495,.T.);
#1618=FACE_BOUND('',#1496,.T.);
#1619=FACE_BOUND('',#1497,.T.);
#1620=FACE_BOUND('',#1498,.T.);
#1621=FACE_BOUND('',#1499,.T.);
#1622=FACE_BOUND('',#1500,.T.);
#1623=FACE_BOUND('',#1501,.T.);
#1624=FACE_BOUND('',#1502,.T.);
#1625=FACE_BOUND('',#1503,.T.);
#1626=FACE_BOUND('',#1504,.T.);
#1627=FACE_BOUND('',#1505,.T.);
#1628=FACE_BOUND('',#1506,.T.);
#1629=FACE_BOUND('',#1507,.T.);
#1630=FACE_BOUND('',#1508,.T.);
#1631=FACE_BOUND('',#1509,.T.);
#1632=FACE_BOUND('',#1510,.T.);
#1633=FACE_BOUND('',#1511,.T.);
#1634=FACE_BOUND('',#1512,.T.);
#1635=FACE_BOUND('',#1513,.T.);
#1636=FACE_BOUND('',#1514,.T.);
#1637=FACE_BOUND('',#1515,.T.);
#1638=FACE_BOUND('',#1516,.T.);
#1639=FACE_BOUND('',#1517,.T.);
#1640=FACE_BOUND('',#1518,.T.);
#1641=FACE_BOUND('',#1519,.T.);
#1642=FACE_BOUND('',#1520,.T.);
#1643=FACE_BOUND('',#1521,.T.);
#1644=FACE_BOUND('',#1522,.T.);
#1645=FACE_BOUND('',#1523,.T.);
#1646=FACE_BOUND('',#1524,.T.);
#1647=FACE_BOUND('',#1525,.T.);
#1648=FACE_BOUND('',#1526,.T.);
#1649=FACE_BOUND('',#1527,.T.);
#1650=FACE_BOUND('',#1528,.T.);
#1651=FACE_BOUND('',#1529,.T.);
#1652=FACE_BOUND('',#1530,.T.);
#1653=FACE_BOUND('',#1531,.T.);
#1654=FACE_BOUND('',#1532,.T.);
#1655=FACE_BOUND('',#1533,.T.);
#1656=FACE_BOUND('',#1534,.T.);
#1657=FACE_BOUND('',#1535,.T.);
#1658=FACE_BOUND('',#1536,.T.);
#1659=FACE_BOUND('',#1537,.T.);
#1660=FACE_BOUND('',#1538,.T.);
#1661=FACE_BOUND('',#1539,.T.);
#1662=FACE_BOUND('',#1540,.T.);
#1663=FACE_BOUND('',#1541,.T.);
#1664=FACE_BOUND('',#1542,.T.);
#1665=FACE_BOUND('',#1543,.T.);
#1666=FACE_BOUND('',#1544,.T.);
#1667=FACE_BOUND('',#1545,.T.);
#1668=FACE_BOUND('',#1546,.T.);
#1669=FACE_BOUND('',#1547,.T.);
#1670=FACE_BOUND('',#1548,.T.);
#1671=FACE_BOUND('',#1549,.T.);
#1672=FACE_BOUND('',#1550,.T.);
#1673=FACE_BOUND('',#1551,.T.);
#1674=FACE_BOUND('',#1552,.T.);
#1675=FACE_BOUND('',#1553,.T.);
#1676=FACE_BOUND('',#1554,.T.);
#1677=FACE_BOUND('',#1555,.T.);
#1678=FACE_BOUND('',#1556,.T.);
#1679=FACE_BOUND('',#1557,.T.);
#1680=FACE_BOUND('',#1558,.T.);
#1681=FACE_BOUND('',#1559,.T.);
#1682=FACE_BOUND('',#1560,.T.);
#1683=FACE_BOUND('',#1561,.T.);
#1684=FACE_BOUND('',#1562,.T.);
#1685=FACE_BOUND('',#1563,.T.);
#1686=FACE_BOUND('',#1564,.T.);
#1687=FACE_BOUND('',#1565,.T.);
#1688=FACE_BOUND('',#1566,.T.);
#1689=FACE_BOUND('',#1567,.T.);
#1690=FACE_BOUND('',#1568,.T.);
#1691=FACE_BOUND('',#1569,.T.);
#1692=FACE_BOUND('',#1570,.T.);
#1693=FACE_BOUND('',#1571,.T.);
#1694=FACE_BOUND('',#1572,.T.);
#1695=FACE_BOUND('',#1573,.T.);
#1696=FACE_BOUND('',#1574,.T.);
#1697=FACE_BOUND('',#1575,.T.);
#1698=FACE_BOUND('',#1576,.T.);
#1699=FACE_BOUND('',#1577,.T.);
#1700=FACE_BOUND('',#1578,.T.);
#1701=FACE_BOUND('',#1579,.T.);
#1702=FACE_BOUND('',#1580,.T.);
#1703=FACE_BOUND('',#1581,.T.);
#1704=FACE_BOUND('',#1582,.T.);
#1705=FACE_BOUND('',#1583,.T.);
#1706=FACE_BOUND('',#1584,.T.);
#1707=FACE_BOUND('',#1585,.T.);
#1708=FACE_BOUND('',#1586,.T.);
#1709=FACE_BOUND('',#1587,.T.);
#1710=FACE_BOUND('',#1588,.T.);
#1711=FACE_BOUND('',#1589,.T.);
#1712=FACE_BOUND('',#1590,.T.);
#1713=FACE_BOUND('',#1591,.T.);
#1714=FACE_BOUND('',#1592,.T.);
#1715=FACE_BOUND('',#1593,.T.);
#1716=FACE_BOUND('',#1594,.T.);
#1717=FACE_BOUND('',#1595,.T.);
#1718=PLANE('',#2653);
#1719=PLANE('',#2657);
#1720=PLANE('',#2660);
#1721=PLANE('',#2664);
#1722=PLANE('',#2667);
#1723=PLANE('',#2671);
#1724=PLANE('',#2674);
#1725=PLANE('',#2679);
#1726=PLANE('',#2687);
#1727=PLANE('',#2688);
#1728=PLANE('',#2689);
#1729=PLANE('',#2690);
#1730=PLANE('',#2691);
#1731=PLANE('',#2692);
#1732=PLANE('',#2693);
#1733=PLANE('',#2694);
#1734=PLANE('',#2695);
#1735=PLANE('',#2696);
#1736=PLANE('',#2697);
#1737=PLANE('',#2698);
#1738=PLANE('',#2699);
#1739=PLANE('',#2700);
#1740=PLANE('',#2701);
#1741=PLANE('',#2702);
#1742=PLANE('',#2703);
#1743=PLANE('',#2704);
#1744=PLANE('',#2708);
#1745=PLANE('',#2709);
#1746=PLANE('',#2710);
#1747=PLANE('',#2711);
#1748=PLANE('',#2713);
#1749=PLANE('',#2714);
#1750=PLANE('',#2715);
#1751=PLANE('',#2721);
#1752=PLANE('',#2722);
#1753=PLANE('',#2723);
#1754=PLANE('',#2724);
#1755=PLANE('',#2726);
#1756=PLANE('',#2727);
#1757=PLANE('',#2728);
#1758=PLANE('',#2734);
#1759=PLANE('',#2738);
#1760=PLANE('',#2739);
#1761=PLANE('',#2743);
#1762=PLANE('',#2744);
#1763=PLANE('',#2745);
#1764=PLANE('',#2746);
#1765=PLANE('',#2747);
#1766=PLANE('',#2751);
#1767=PLANE('',#2752);
#1768=PLANE('',#2753);
#1769=PLANE('',#2754);
#1770=PLANE('',#2755);
#1771=PLANE('',#2759);
#1772=PLANE('',#2763);
#1773=PLANE('',#2764);
#1774=PLANE('',#2765);
#1775=PLANE('',#2766);
#1776=PLANE('',#2768);
#1777=PLANE('',#2771);
#1778=PLANE('',#2775);
#1779=PLANE('',#2776);
#1780=PLANE('',#2777);
#1781=PLANE('',#2778);
#1782=PLANE('',#2779);
#1783=PLANE('',#2780);
#1784=PLANE('',#2784);
#1785=PLANE('',#2788);
#1786=PLANE('',#2789);
#1787=PLANE('',#2790);
#1788=PLANE('',#2791);
#1789=PLANE('',#2792);
#1790=PLANE('',#2793);
#1791=PLANE('',#2794);
#1792=PLANE('',#2795);
#1793=PLANE('',#2796);
#1794=PLANE('',#2804);
#1795=PLANE('',#2806);
#1796=PLANE('',#2809);
#1797=PLANE('',#2816);
#1798=STYLED_ITEM('',(#1904),#2542);
#1799=STYLED_ITEM('',(#1905),#2543);
#1800=STYLED_ITEM('',(#1906),#2544);
#1801=STYLED_ITEM('',(#1907),#2545);
#1802=STYLED_ITEM('',(#1908),#2546);
#1803=STYLED_ITEM('',(#1909),#2547);
#1804=STYLED_ITEM('',(#1910),#2548);
#1805=STYLED_ITEM('',(#1911),#2549);
#1806=STYLED_ITEM('',(#1912),#2550);
#1807=STYLED_ITEM('',(#1913),#2551);
#1808=STYLED_ITEM('',(#1914),#2552);
#1809=STYLED_ITEM('',(#1915),#2553);
#1810=STYLED_ITEM('',(#1916),#2554);
#1811=STYLED_ITEM('',(#1917),#2555);
#1812=STYLED_ITEM('',(#1918),#2556);
#1813=STYLED_ITEM('',(#1919),#2557);
#1814=STYLED_ITEM('',(#1920),#2558);
#1815=STYLED_ITEM('',(#1921),#2559);
#1816=STYLED_ITEM('',(#1922),#2560);
#1817=STYLED_ITEM('',(#1923),#2561);
#1818=STYLED_ITEM('',(#1924),#2562);
#1819=STYLED_ITEM('',(#1925),#2563);
#1820=STYLED_ITEM('',(#1926),#2564);
#1821=STYLED_ITEM('',(#1927),#2565);
#1822=STYLED_ITEM('',(#1928),#2566);
#1823=STYLED_ITEM('',(#1929),#2567);
#1824=STYLED_ITEM('',(#1930),#2568);
#1825=STYLED_ITEM('',(#1931),#2569);
#1826=STYLED_ITEM('',(#1932),#2570);
#1827=STYLED_ITEM('',(#1933),#2571);
#1828=STYLED_ITEM('',(#1934),#2572);
#1829=STYLED_ITEM('',(#1935),#2573);
#1830=STYLED_ITEM('',(#1936),#2574);
#1831=STYLED_ITEM('',(#1937),#2575);
#1832=STYLED_ITEM('',(#1938),#2576);
#1833=STYLED_ITEM('',(#1939),#2577);
#1834=STYLED_ITEM('',(#1940),#2578);
#1835=STYLED_ITEM('',(#1941),#2579);
#1836=STYLED_ITEM('',(#1942),#2580);
#1837=STYLED_ITEM('',(#1943),#2581);
#1838=STYLED_ITEM('',(#1944),#2582);
#1839=STYLED_ITEM('',(#1945),#2583);
#1840=STYLED_ITEM('',(#1946),#2584);
#1841=STYLED_ITEM('',(#1947),#2585);
#1842=STYLED_ITEM('',(#1948),#2586);
#1843=STYLED_ITEM('',(#1949),#2587);
#1844=STYLED_ITEM('',(#1950),#2588);
#1845=STYLED_ITEM('',(#1951),#2589);
#1846=STYLED_ITEM('',(#1952),#2590);
#1847=STYLED_ITEM('',(#1953),#2591);
#1848=STYLED_ITEM('',(#1954),#2592);
#1849=STYLED_ITEM('',(#1955),#2593);
#1850=STYLED_ITEM('',(#1956),#2594);
#1851=STYLED_ITEM('',(#1957),#2595);
#1852=STYLED_ITEM('',(#1958),#2596);
#1853=STYLED_ITEM('',(#1959),#2597);
#1854=STYLED_ITEM('',(#1960),#2598);
#1855=STYLED_ITEM('',(#1961),#2599);
#1856=STYLED_ITEM('',(#1962),#2600);
#1857=STYLED_ITEM('',(#1963),#2601);
#1858=STYLED_ITEM('',(#1964),#2602);
#1859=STYLED_ITEM('',(#1965),#2603);
#1860=STYLED_ITEM('',(#1966),#2604);
#1861=STYLED_ITEM('',(#1967),#2605);
#1862=STYLED_ITEM('',(#1968),#2606);
#1863=STYLED_ITEM('',(#1969),#2607);
#1864=STYLED_ITEM('',(#1970),#2608);
#1865=STYLED_ITEM('',(#1971),#2609);
#1866=STYLED_ITEM('',(#1972),#2610);
#1867=STYLED_ITEM('',(#1973),#2611);
#1868=STYLED_ITEM('',(#1974),#2612);
#1869=STYLED_ITEM('',(#1975),#2613);
#1870=STYLED_ITEM('',(#1976),#2614);
#1871=STYLED_ITEM('',(#1977),#2615);
#1872=STYLED_ITEM('',(#1978),#2616);
#1873=STYLED_ITEM('',(#1979),#2617);
#1874=STYLED_ITEM('',(#1980),#2618);
#1875=STYLED_ITEM('',(#1981),#2619);
#1876=STYLED_ITEM('',(#1982),#2620);
#1877=STYLED_ITEM('',(#1983),#2621);
#1878=STYLED_ITEM('',(#1984),#2622);
#1879=STYLED_ITEM('',(#1985),#2623);
#1880=STYLED_ITEM('',(#1986),#2624);
#1881=STYLED_ITEM('',(#1987),#2625);
#1882=STYLED_ITEM('',(#1988),#2626);
#1883=STYLED_ITEM('',(#1989),#2627);
#1884=STYLED_ITEM('',(#1990),#2628);
#1885=STYLED_ITEM('',(#1991),#2629);
#1886=STYLED_ITEM('',(#1992),#2630);
#1887=STYLED_ITEM('',(#1993),#2631);
#1888=STYLED_ITEM('',(#1994),#2632);
#1889=STYLED_ITEM('',(#1995),#2633);
#1890=STYLED_ITEM('',(#1996),#2634);
#1891=STYLED_ITEM('',(#1997),#2635);
#1892=STYLED_ITEM('',(#1998),#2636);
#1893=STYLED_ITEM('',(#1999),#2637);
#1894=STYLED_ITEM('',(#2000),#2638);
#1895=STYLED_ITEM('',(#2001),#2639);
#1896=STYLED_ITEM('',(#2002),#2640);
#1897=STYLED_ITEM('',(#2003),#2641);
#1898=STYLED_ITEM('',(#2004),#2642);
#1899=STYLED_ITEM('',(#2005),#2643);
#1900=STYLED_ITEM('',(#2006),#2644);
#1901=STYLED_ITEM('',(#2007),#2645);
#1902=STYLED_ITEM('',(#2008),#2646);
#1903=STYLED_ITEM('',(#2009),#2647);
#1904=PRESENTATION_STYLE_ASSIGNMENT((#2010));
#1905=PRESENTATION_STYLE_ASSIGNMENT((#2011));
#1906=PRESENTATION_STYLE_ASSIGNMENT((#2012));
#1907=PRESENTATION_STYLE_ASSIGNMENT((#2013));
#1908=PRESENTATION_STYLE_ASSIGNMENT((#2014));
#1909=PRESENTATION_STYLE_ASSIGNMENT((#2015));
#1910=PRESENTATION_STYLE_ASSIGNMENT((#2016));
#1911=PRESENTATION_STYLE_ASSIGNMENT((#2017));
#1912=PRESENTATION_STYLE_ASSIGNMENT((#2018));
#1913=PRESENTATION_STYLE_ASSIGNMENT((#2019));
#1914=PRESENTATION_STYLE_ASSIGNMENT((#2020));
#1915=PRESENTATION_STYLE_ASSIGNMENT((#2021));
#1916=PRESENTATION_STYLE_ASSIGNMENT((#2022));
#1917=PRESENTATION_STYLE_ASSIGNMENT((#2023));
#1918=PRESENTATION_STYLE_ASSIGNMENT((#2024));
#1919=PRESENTATION_STYLE_ASSIGNMENT((#2025));
#1920=PRESENTATION_STYLE_ASSIGNMENT((#2026));
#1921=PRESENTATION_STYLE_ASSIGNMENT((#2027));
#1922=PRESENTATION_STYLE_ASSIGNMENT((#2028));
#1923=PRESENTATION_STYLE_ASSIGNMENT((#2029));
#1924=PRESENTATION_STYLE_ASSIGNMENT((#2030));
#1925=PRESENTATION_STYLE_ASSIGNMENT((#2031));
#1926=PRESENTATION_STYLE_ASSIGNMENT((#2032));
#1927=PRESENTATION_STYLE_ASSIGNMENT((#2033));
#1928=PRESENTATION_STYLE_ASSIGNMENT((#2034));
#1929=PRESENTATION_STYLE_ASSIGNMENT((#2035));
#1930=PRESENTATION_STYLE_ASSIGNMENT((#2036));
#1931=PRESENTATION_STYLE_ASSIGNMENT((#2037));
#1932=PRESENTATION_STYLE_ASSIGNMENT((#2038));
#1933=PRESENTATION_STYLE_ASSIGNMENT((#2039));
#1934=PRESENTATION_STYLE_ASSIGNMENT((#2040));
#1935=PRESENTATION_STYLE_ASSIGNMENT((#2041));
#1936=PRESENTATION_STYLE_ASSIGNMENT((#2042));
#1937=PRESENTATION_STYLE_ASSIGNMENT((#2043));
#1938=PRESENTATION_STYLE_ASSIGNMENT((#2044));
#1939=PRESENTATION_STYLE_ASSIGNMENT((#2045));
#1940=PRESENTATION_STYLE_ASSIGNMENT((#2046));
#1941=PRESENTATION_STYLE_ASSIGNMENT((#2047));
#1942=PRESENTATION_STYLE_ASSIGNMENT((#2048));
#1943=PRESENTATION_STYLE_ASSIGNMENT((#2049));
#1944=PRESENTATION_STYLE_ASSIGNMENT((#2050));
#1945=PRESENTATION_STYLE_ASSIGNMENT((#2051));
#1946=PRESENTATION_STYLE_ASSIGNMENT((#2052));
#1947=PRESENTATION_STYLE_ASSIGNMENT((#2053));
#1948=PRESENTATION_STYLE_ASSIGNMENT((#2054));
#1949=PRESENTATION_STYLE_ASSIGNMENT((#2055));
#1950=PRESENTATION_STYLE_ASSIGNMENT((#2056));
#1951=PRESENTATION_STYLE_ASSIGNMENT((#2057));
#1952=PRESENTATION_STYLE_ASSIGNMENT((#2058));
#1953=PRESENTATION_STYLE_ASSIGNMENT((#2059));
#1954=PRESENTATION_STYLE_ASSIGNMENT((#2060));
#1955=PRESENTATION_STYLE_ASSIGNMENT((#2061));
#1956=PRESENTATION_STYLE_ASSIGNMENT((#2062));
#1957=PRESENTATION_STYLE_ASSIGNMENT((#2063));
#1958=PRESENTATION_STYLE_ASSIGNMENT((#2064));
#1959=PRESENTATION_STYLE_ASSIGNMENT((#2065));
#1960=PRESENTATION_STYLE_ASSIGNMENT((#2066));
#1961=PRESENTATION_STYLE_ASSIGNMENT((#2067));
#1962=PRESENTATION_STYLE_ASSIGNMENT((#2068));
#1963=PRESENTATION_STYLE_ASSIGNMENT((#2069));
#1964=PRESENTATION_STYLE_ASSIGNMENT((#2070));
#1965=PRESENTATION_STYLE_ASSIGNMENT((#2071));
#1966=PRESENTATION_STYLE_ASSIGNMENT((#2072));
#1967=PRESENTATION_STYLE_ASSIGNMENT((#2073));
#1968=PRESENTATION_STYLE_ASSIGNMENT((#2074));
#1969=PRESENTATION_STYLE_ASSIGNMENT((#2075));
#1970=PRESENTATION_STYLE_ASSIGNMENT((#2076));
#1971=PRESENTATION_STYLE_ASSIGNMENT((#2077));
#1972=PRESENTATION_STYLE_ASSIGNMENT((#2078));
#1973=PRESENTATION_STYLE_ASSIGNMENT((#2079));
#1974=PRESENTATION_STYLE_ASSIGNMENT((#2080));
#1975=PRESENTATION_STYLE_ASSIGNMENT((#2081));
#1976=PRESENTATION_STYLE_ASSIGNMENT((#2082));
#1977=PRESENTATION_STYLE_ASSIGNMENT((#2083));
#1978=PRESENTATION_STYLE_ASSIGNMENT((#2084));
#1979=PRESENTATION_STYLE_ASSIGNMENT((#2085));
#1980=PRESENTATION_STYLE_ASSIGNMENT((#2086));
#1981=PRESENTATION_STYLE_ASSIGNMENT((#2087));
#1982=PRESENTATION_STYLE_ASSIGNMENT((#2088));
#1983=PRESENTATION_STYLE_ASSIGNMENT((#2089));
#1984=PRESENTATION_STYLE_ASSIGNMENT((#2090));
#1985=PRESENTATION_STYLE_ASSIGNMENT((#2091));
#1986=PRESENTATION_STYLE_ASSIGNMENT((#2092));
#1987=PRESENTATION_STYLE_ASSIGNMENT((#2093));
#1988=PRESENTATION_STYLE_ASSIGNMENT((#2094));
#1989=PRESENTATION_STYLE_ASSIGNMENT((#2095));
#1990=PRESENTATION_STYLE_ASSIGNMENT((#2096));
#1991=PRESENTATION_STYLE_ASSIGNMENT((#2097));
#1992=PRESENTATION_STYLE_ASSIGNMENT((#2098));
#1993=PRESENTATION_STYLE_ASSIGNMENT((#2099));
#1994=PRESENTATION_STYLE_ASSIGNMENT((#2100));
#1995=PRESENTATION_STYLE_ASSIGNMENT((#2101));
#1996=PRESENTATION_STYLE_ASSIGNMENT((#2102));
#1997=PRESENTATION_STYLE_ASSIGNMENT((#2103));
#1998=PRESENTATION_STYLE_ASSIGNMENT((#2104));
#1999=PRESENTATION_STYLE_ASSIGNMENT((#2105));
#2000=PRESENTATION_STYLE_ASSIGNMENT((#2106));
#2001=PRESENTATION_STYLE_ASSIGNMENT((#2107));
#2002=PRESENTATION_STYLE_ASSIGNMENT((#2108));
#2003=PRESENTATION_STYLE_ASSIGNMENT((#2109));
#2004=PRESENTATION_STYLE_ASSIGNMENT((#2110));
#2005=PRESENTATION_STYLE_ASSIGNMENT((#2111));
#2006=PRESENTATION_STYLE_ASSIGNMENT((#2112));
#2007=PRESENTATION_STYLE_ASSIGNMENT((#2113));
#2008=PRESENTATION_STYLE_ASSIGNMENT((#2114));
#2009=PRESENTATION_STYLE_ASSIGNMENT((#2115));
#2010=SURFACE_STYLE_USAGE(.BOTH.,#2116);
#2011=SURFACE_STYLE_USAGE(.BOTH.,#2117);
#2012=SURFACE_STYLE_USAGE(.BOTH.,#2118);
#2013=SURFACE_STYLE_USAGE(.BOTH.,#2119);
#2014=SURFACE_STYLE_USAGE(.BOTH.,#2120);
#2015=SURFACE_STYLE_USAGE(.BOTH.,#2121);
#2016=SURFACE_STYLE_USAGE(.BOTH.,#2122);
#2017=SURFACE_STYLE_USAGE(.BOTH.,#2123);
#2018=SURFACE_STYLE_USAGE(.BOTH.,#2124);
#2019=SURFACE_STYLE_USAGE(.BOTH.,#2125);
#2020=SURFACE_STYLE_USAGE(.BOTH.,#2126);
#2021=SURFACE_STYLE_USAGE(.BOTH.,#2127);
#2022=SURFACE_STYLE_USAGE(.BOTH.,#2128);
#2023=SURFACE_STYLE_USAGE(.BOTH.,#2129);
#2024=SURFACE_STYLE_USAGE(.BOTH.,#2130);
#2025=SURFACE_STYLE_USAGE(.BOTH.,#2131);
#2026=SURFACE_STYLE_USAGE(.BOTH.,#2132);
#2027=SURFACE_STYLE_USAGE(.BOTH.,#2133);
#2028=SURFACE_STYLE_USAGE(.BOTH.,#2134);
#2029=SURFACE_STYLE_USAGE(.BOTH.,#2135);
#2030=SURFACE_STYLE_USAGE(.BOTH.,#2136);
#2031=SURFACE_STYLE_USAGE(.BOTH.,#2137);
#2032=SURFACE_STYLE_USAGE(.BOTH.,#2138);
#2033=SURFACE_STYLE_USAGE(.BOTH.,#2139);
#2034=SURFACE_STYLE_USAGE(.BOTH.,#2140);
#2035=SURFACE_STYLE_USAGE(.BOTH.,#2141);
#2036=SURFACE_STYLE_USAGE(.BOTH.,#2142);
#2037=SURFACE_STYLE_USAGE(.BOTH.,#2143);
#2038=SURFACE_STYLE_USAGE(.BOTH.,#2144);
#2039=SURFACE_STYLE_USAGE(.BOTH.,#2145);
#2040=SURFACE_STYLE_USAGE(.BOTH.,#2146);
#2041=SURFACE_STYLE_USAGE(.BOTH.,#2147);
#2042=SURFACE_STYLE_USAGE(.BOTH.,#2148);
#2043=SURFACE_STYLE_USAGE(.BOTH.,#2149);
#2044=SURFACE_STYLE_USAGE(.BOTH.,#2150);
#2045=SURFACE_STYLE_USAGE(.BOTH.,#2151);
#2046=SURFACE_STYLE_USAGE(.BOTH.,#2152);
#2047=SURFACE_STYLE_USAGE(.BOTH.,#2153);
#2048=SURFACE_STYLE_USAGE(.BOTH.,#2154);
#2049=SURFACE_STYLE_USAGE(.BOTH.,#2155);
#2050=SURFACE_STYLE_USAGE(.BOTH.,#2156);
#2051=SURFACE_STYLE_USAGE(.BOTH.,#2157);
#2052=SURFACE_STYLE_USAGE(.BOTH.,#2158);
#2053=SURFACE_STYLE_USAGE(.BOTH.,#2159);
#2054=SURFACE_STYLE_USAGE(.BOTH.,#2160);
#2055=SURFACE_STYLE_USAGE(.BOTH.,#2161);
#2056=SURFACE_STYLE_USAGE(.BOTH.,#2162);
#2057=SURFACE_STYLE_USAGE(.BOTH.,#2163);
#2058=SURFACE_STYLE_USAGE(.BOTH.,#2164);
#2059=SURFACE_STYLE_USAGE(.BOTH.,#2165);
#2060=SURFACE_STYLE_USAGE(.BOTH.,#2166);
#2061=SURFACE_STYLE_USAGE(.BOTH.,#2167);
#2062=SURFACE_STYLE_USAGE(.BOTH.,#2168);
#2063=SURFACE_STYLE_USAGE(.BOTH.,#2169);
#2064=SURFACE_STYLE_USAGE(.BOTH.,#2170);
#2065=SURFACE_STYLE_USAGE(.BOTH.,#2171);
#2066=SURFACE_STYLE_USAGE(.BOTH.,#2172);
#2067=SURFACE_STYLE_USAGE(.BOTH.,#2173);
#2068=SURFACE_STYLE_USAGE(.BOTH.,#2174);
#2069=SURFACE_STYLE_USAGE(.BOTH.,#2175);
#2070=SURFACE_STYLE_USAGE(.BOTH.,#2176);
#2071=SURFACE_STYLE_USAGE(.BOTH.,#2177);
#2072=SURFACE_STYLE_USAGE(.BOTH.,#2178);
#2073=SURFACE_STYLE_USAGE(.BOTH.,#2179);
#2074=SURFACE_STYLE_USAGE(.BOTH.,#2180);
#2075=SURFACE_STYLE_USAGE(.BOTH.,#2181);
#2076=SURFACE_STYLE_USAGE(.BOTH.,#2182);
#2077=SURFACE_STYLE_USAGE(.BOTH.,#2183);
#2078=SURFACE_STYLE_USAGE(.BOTH.,#2184);
#2079=SURFACE_STYLE_USAGE(.BOTH.,#2185);
#2080=SURFACE_STYLE_USAGE(.BOTH.,#2186);
#2081=SURFACE_STYLE_USAGE(.BOTH.,#2187);
#2082=SURFACE_STYLE_USAGE(.BOTH.,#2188);
#2083=SURFACE_STYLE_USAGE(.BOTH.,#2189);
#2084=SURFACE_STYLE_USAGE(.BOTH.,#2190);
#2085=SURFACE_STYLE_USAGE(.BOTH.,#2191);
#2086=SURFACE_STYLE_USAGE(.BOTH.,#2192);
#2087=SURFACE_STYLE_USAGE(.BOTH.,#2193);
#2088=SURFACE_STYLE_USAGE(.BOTH.,#2194);
#2089=SURFACE_STYLE_USAGE(.BOTH.,#2195);
#2090=SURFACE_STYLE_USAGE(.BOTH.,#2196);
#2091=SURFACE_STYLE_USAGE(.BOTH.,#2197);
#2092=SURFACE_STYLE_USAGE(.BOTH.,#2198);
#2093=SURFACE_STYLE_USAGE(.BOTH.,#2199);
#2094=SURFACE_STYLE_USAGE(.BOTH.,#2200);
#2095=SURFACE_STYLE_USAGE(.BOTH.,#2201);
#2096=SURFACE_STYLE_USAGE(.BOTH.,#2202);
#2097=SURFACE_STYLE_USAGE(.BOTH.,#2203);
#2098=SURFACE_STYLE_USAGE(.BOTH.,#2204);
#2099=SURFACE_STYLE_USAGE(.BOTH.,#2205);
#2100=SURFACE_STYLE_USAGE(.BOTH.,#2206);
#2101=SURFACE_STYLE_USAGE(.BOTH.,#2207);
#2102=SURFACE_STYLE_USAGE(.BOTH.,#2208);
#2103=SURFACE_STYLE_USAGE(.BOTH.,#2209);
#2104=SURFACE_STYLE_USAGE(.BOTH.,#2210);
#2105=SURFACE_STYLE_USAGE(.BOTH.,#2211);
#2106=SURFACE_STYLE_USAGE(.BOTH.,#2212);
#2107=SURFACE_STYLE_USAGE(.BOTH.,#2213);
#2108=SURFACE_STYLE_USAGE(.BOTH.,#2214);
#2109=SURFACE_STYLE_USAGE(.BOTH.,#2215);
#2110=SURFACE_STYLE_USAGE(.BOTH.,#2216);
#2111=SURFACE_STYLE_USAGE(.BOTH.,#2217);
#2112=SURFACE_STYLE_USAGE(.BOTH.,#2218);
#2113=SURFACE_STYLE_USAGE(.BOTH.,#2219);
#2114=SURFACE_STYLE_USAGE(.BOTH.,#2220);
#2115=SURFACE_STYLE_USAGE(.BOTH.,#2221);
#2116=SURFACE_SIDE_STYLE('',(#2222));
#2117=SURFACE_SIDE_STYLE('',(#2223));
#2118=SURFACE_SIDE_STYLE('',(#2224));
#2119=SURFACE_SIDE_STYLE('',(#2225));
#2120=SURFACE_SIDE_STYLE('',(#2226));
#2121=SURFACE_SIDE_STYLE('',(#2227));
#2122=SURFACE_SIDE_STYLE('',(#2228));
#2123=SURFACE_SIDE_STYLE('',(#2229));
#2124=SURFACE_SIDE_STYLE('',(#2230));
#2125=SURFACE_SIDE_STYLE('',(#2231));
#2126=SURFACE_SIDE_STYLE('',(#2232));
#2127=SURFACE_SIDE_STYLE('',(#2233));
#2128=SURFACE_SIDE_STYLE('',(#2234));
#2129=SURFACE_SIDE_STYLE('',(#2235));
#2130=SURFACE_SIDE_STYLE('',(#2236));
#2131=SURFACE_SIDE_STYLE('',(#2237));
#2132=SURFACE_SIDE_STYLE('',(#2238));
#2133=SURFACE_SIDE_STYLE('',(#2239));
#2134=SURFACE_SIDE_STYLE('',(#2240));
#2135=SURFACE_SIDE_STYLE('',(#2241));
#2136=SURFACE_SIDE_STYLE('',(#2242));
#2137=SURFACE_SIDE_STYLE('',(#2243));
#2138=SURFACE_SIDE_STYLE('',(#2244));
#2139=SURFACE_SIDE_STYLE('',(#2245));
#2140=SURFACE_SIDE_STYLE('',(#2246));
#2141=SURFACE_SIDE_STYLE('',(#2247));
#2142=SURFACE_SIDE_STYLE('',(#2248));
#2143=SURFACE_SIDE_STYLE('',(#2249));
#2144=SURFACE_SIDE_STYLE('',(#2250));
#2145=SURFACE_SIDE_STYLE('',(#2251));
#2146=SURFACE_SIDE_STYLE('',(#2252));
#2147=SURFACE_SIDE_STYLE('',(#2253));
#2148=SURFACE_SIDE_STYLE('',(#2254));
#2149=SURFACE_SIDE_STYLE('',(#2255));
#2150=SURFACE_SIDE_STYLE('',(#2256));
#2151=SURFACE_SIDE_STYLE('',(#2257));
#2152=SURFACE_SIDE_STYLE('',(#2258));
#2153=SURFACE_SIDE_STYLE('',(#2259));
#2154=SURFACE_SIDE_STYLE('',(#2260));
#2155=SURFACE_SIDE_STYLE('',(#2261));
#2156=SURFACE_SIDE_STYLE('',(#2262));
#2157=SURFACE_SIDE_STYLE('',(#2263));
#2158=SURFACE_SIDE_STYLE('',(#2264));
#2159=SURFACE_SIDE_STYLE('',(#2265));
#2160=SURFACE_SIDE_STYLE('',(#2266));
#2161=SURFACE_SIDE_STYLE('',(#2267));
#2162=SURFACE_SIDE_STYLE('',(#2268));
#2163=SURFACE_SIDE_STYLE('',(#2269));
#2164=SURFACE_SIDE_STYLE('',(#2270));
#2165=SURFACE_SIDE_STYLE('',(#2271));
#2166=SURFACE_SIDE_STYLE('',(#2272));
#2167=SURFACE_SIDE_STYLE('',(#2273));
#2168=SURFACE_SIDE_STYLE('',(#2274));
#2169=SURFACE_SIDE_STYLE('',(#2275));
#2170=SURFACE_SIDE_STYLE('',(#2276));
#2171=SURFACE_SIDE_STYLE('',(#2277));
#2172=SURFACE_SIDE_STYLE('',(#2278));
#2173=SURFACE_SIDE_STYLE('',(#2279));
#2174=SURFACE_SIDE_STYLE('',(#2280));
#2175=SURFACE_SIDE_STYLE('',(#2281));
#2176=SURFACE_SIDE_STYLE('',(#2282));
#2177=SURFACE_SIDE_STYLE('',(#2283));
#2178=SURFACE_SIDE_STYLE('',(#2284));
#2179=SURFACE_SIDE_STYLE('',(#2285));
#2180=SURFACE_SIDE_STYLE('',(#2286));
#2181=SURFACE_SIDE_STYLE('',(#2287));
#2182=SURFACE_SIDE_STYLE('',(#2288));
#2183=SURFACE_SIDE_STYLE('',(#2289));
#2184=SURFACE_SIDE_STYLE('',(#2290));
#2185=SURFACE_SIDE_STYLE('',(#2291));
#2186=SURFACE_SIDE_STYLE('',(#2292));
#2187=SURFACE_SIDE_STYLE('',(#2293));
#2188=SURFACE_SIDE_STYLE('',(#2294));
#2189=SURFACE_SIDE_STYLE('',(#2295));
#2190=SURFACE_SIDE_STYLE('',(#2296));
#2191=SURFACE_SIDE_STYLE('',(#2297));
#2192=SURFACE_SIDE_STYLE('',(#2298));
#2193=SURFACE_SIDE_STYLE('',(#2299));
#2194=SURFACE_SIDE_STYLE('',(#2300));
#2195=SURFACE_SIDE_STYLE('',(#2301));
#2196=SURFACE_SIDE_STYLE('',(#2302));
#2197=SURFACE_SIDE_STYLE('',(#2303));
#2198=SURFACE_SIDE_STYLE('',(#2304));
#2199=SURFACE_SIDE_STYLE('',(#2305));
#2200=SURFACE_SIDE_STYLE('',(#2306));
#2201=SURFACE_SIDE_STYLE('',(#2307));
#2202=SURFACE_SIDE_STYLE('',(#2308));
#2203=SURFACE_SIDE_STYLE('',(#2309));
#2204=SURFACE_SIDE_STYLE('',(#2310));
#2205=SURFACE_SIDE_STYLE('',(#2311));
#2206=SURFACE_SIDE_STYLE('',(#2312));
#2207=SURFACE_SIDE_STYLE('',(#2313));
#2208=SURFACE_SIDE_STYLE('',(#2314));
#2209=SURFACE_SIDE_STYLE('',(#2315));
#2210=SURFACE_SIDE_STYLE('',(#2316));
#2211=SURFACE_SIDE_STYLE('',(#2317));
#2212=SURFACE_SIDE_STYLE('',(#2318));
#2213=SURFACE_SIDE_STYLE('',(#2319));
#2214=SURFACE_SIDE_STYLE('',(#2320));
#2215=SURFACE_SIDE_STYLE('',(#2321));
#2216=SURFACE_SIDE_STYLE('',(#2322));
#2217=SURFACE_SIDE_STYLE('',(#2323));
#2218=SURFACE_SIDE_STYLE('',(#2324));
#2219=SURFACE_SIDE_STYLE('',(#2325));
#2220=SURFACE_SIDE_STYLE('',(#2326));
#2221=SURFACE_SIDE_STYLE('',(#2327));
#2222=SURFACE_STYLE_FILL_AREA(#2328);
#2223=SURFACE_STYLE_FILL_AREA(#2329);
#2224=SURFACE_STYLE_FILL_AREA(#2330);
#2225=SURFACE_STYLE_FILL_AREA(#2331);
#2226=SURFACE_STYLE_FILL_AREA(#2332);
#2227=SURFACE_STYLE_FILL_AREA(#2333);
#2228=SURFACE_STYLE_FILL_AREA(#2334);
#2229=SURFACE_STYLE_FILL_AREA(#2335);
#2230=SURFACE_STYLE_FILL_AREA(#2336);
#2231=SURFACE_STYLE_FILL_AREA(#2337);
#2232=SURFACE_STYLE_FILL_AREA(#2338);
#2233=SURFACE_STYLE_FILL_AREA(#2339);
#2234=SURFACE_STYLE_FILL_AREA(#2340);
#2235=SURFACE_STYLE_FILL_AREA(#2341);
#2236=SURFACE_STYLE_FILL_AREA(#2342);
#2237=SURFACE_STYLE_FILL_AREA(#2343);
#2238=SURFACE_STYLE_FILL_AREA(#2344);
#2239=SURFACE_STYLE_FILL_AREA(#2345);
#2240=SURFACE_STYLE_FILL_AREA(#2346);
#2241=SURFACE_STYLE_FILL_AREA(#2347);
#2242=SURFACE_STYLE_FILL_AREA(#2348);
#2243=SURFACE_STYLE_FILL_AREA(#2349);
#2244=SURFACE_STYLE_FILL_AREA(#2350);
#2245=SURFACE_STYLE_FILL_AREA(#2351);
#2246=SURFACE_STYLE_FILL_AREA(#2352);
#2247=SURFACE_STYLE_FILL_AREA(#2353);
#2248=SURFACE_STYLE_FILL_AREA(#2354);
#2249=SURFACE_STYLE_FILL_AREA(#2355);
#2250=SURFACE_STYLE_FILL_AREA(#2356);
#2251=SURFACE_STYLE_FILL_AREA(#2357);
#2252=SURFACE_STYLE_FILL_AREA(#2358);
#2253=SURFACE_STYLE_FILL_AREA(#2359);
#2254=SURFACE_STYLE_FILL_AREA(#2360);
#2255=SURFACE_STYLE_FILL_AREA(#2361);
#2256=SURFACE_STYLE_FILL_AREA(#2362);
#2257=SURFACE_STYLE_FILL_AREA(#2363);
#2258=SURFACE_STYLE_FILL_AREA(#2364);
#2259=SURFACE_STYLE_FILL_AREA(#2365);
#2260=SURFACE_STYLE_FILL_AREA(#2366);
#2261=SURFACE_STYLE_FILL_AREA(#2367);
#2262=SURFACE_STYLE_FILL_AREA(#2368);
#2263=SURFACE_STYLE_FILL_AREA(#2369);
#2264=SURFACE_STYLE_FILL_AREA(#2370);
#2265=SURFACE_STYLE_FILL_AREA(#2371);
#2266=SURFACE_STYLE_FILL_AREA(#2372);
#2267=SURFACE_STYLE_FILL_AREA(#2373);
#2268=SURFACE_STYLE_FILL_AREA(#2374);
#2269=SURFACE_STYLE_FILL_AREA(#2375);
#2270=SURFACE_STYLE_FILL_AREA(#2376);
#2271=SURFACE_STYLE_FILL_AREA(#2377);
#2272=SURFACE_STYLE_FILL_AREA(#2378);
#2273=SURFACE_STYLE_FILL_AREA(#2379);
#2274=SURFACE_STYLE_FILL_AREA(#2380);
#2275=SURFACE_STYLE_FILL_AREA(#2381);
#2276=SURFACE_STYLE_FILL_AREA(#2382);
#2277=SURFACE_STYLE_FILL_AREA(#2383);
#2278=SURFACE_STYLE_FILL_AREA(#2384);
#2279=SURFACE_STYLE_FILL_AREA(#2385);
#2280=SURFACE_STYLE_FILL_AREA(#2386);
#2281=SURFACE_STYLE_FILL_AREA(#2387);
#2282=SURFACE_STYLE_FILL_AREA(#2388);
#2283=SURFACE_STYLE_FILL_AREA(#2389);
#2284=SURFACE_STYLE_FILL_AREA(#2390);
#2285=SURFACE_STYLE_FILL_AREA(#2391);
#2286=SURFACE_STYLE_FILL_AREA(#2392);
#2287=SURFACE_STYLE_FILL_AREA(#2393);
#2288=SURFACE_STYLE_FILL_AREA(#2394);
#2289=SURFACE_STYLE_FILL_AREA(#2395);
#2290=SURFACE_STYLE_FILL_AREA(#2396);
#2291=SURFACE_STYLE_FILL_AREA(#2397);
#2292=SURFACE_STYLE_FILL_AREA(#2398);
#2293=SURFACE_STYLE_FILL_AREA(#2399);
#2294=SURFACE_STYLE_FILL_AREA(#2400);
#2295=SURFACE_STYLE_FILL_AREA(#2401);
#2296=SURFACE_STYLE_FILL_AREA(#2402);
#2297=SURFACE_STYLE_FILL_AREA(#2403);
#2298=SURFACE_STYLE_FILL_AREA(#2404);
#2299=SURFACE_STYLE_FILL_AREA(#2405);
#2300=SURFACE_STYLE_FILL_AREA(#2406);
#2301=SURFACE_STYLE_FILL_AREA(#2407);
#2302=SURFACE_STYLE_FILL_AREA(#2408);
#2303=SURFACE_STYLE_FILL_AREA(#2409);
#2304=SURFACE_STYLE_FILL_AREA(#2410);
#2305=SURFACE_STYLE_FILL_AREA(#2411);
#2306=SURFACE_STYLE_FILL_AREA(#2412);
#2307=SURFACE_STYLE_FILL_AREA(#2413);
#2308=SURFACE_STYLE_FILL_AREA(#2414);
#2309=SURFACE_STYLE_FILL_AREA(#2415);
#2310=SURFACE_STYLE_FILL_AREA(#2416);
#2311=SURFACE_STYLE_FILL_AREA(#2417);
#2312=SURFACE_STYLE_FILL_AREA(#2418);
#2313=SURFACE_STYLE_FILL_AREA(#2419);
#2314=SURFACE_STYLE_FILL_AREA(#2420);
#2315=SURFACE_STYLE_FILL_AREA(#2421);
#2316=SURFACE_STYLE_FILL_AREA(#2422);
#2317=SURFACE_STYLE_FILL_AREA(#2423);
#2318=SURFACE_STYLE_FILL_AREA(#2424);
#2319=SURFACE_STYLE_FILL_AREA(#2425);
#2320=SURFACE_STYLE_FILL_AREA(#2426);
#2321=SURFACE_STYLE_FILL_AREA(#2427);
#2322=SURFACE_STYLE_FILL_AREA(#2428);
#2323=SURFACE_STYLE_FILL_AREA(#2429);
#2324=SURFACE_STYLE_FILL_AREA(#2430);
#2325=SURFACE_STYLE_FILL_AREA(#2431);
#2326=SURFACE_STYLE_FILL_AREA(#2432);
#2327=SURFACE_STYLE_FILL_AREA(#2433);
#2328=FILL_AREA_STYLE('',(#2434));
#2329=FILL_AREA_STYLE('',(#2435));
#2330=FILL_AREA_STYLE('',(#2436));
#2331=FILL_AREA_STYLE('',(#2437));
#2332=FILL_AREA_STYLE('',(#2438));
#2333=FILL_AREA_STYLE('',(#2439));
#2334=FILL_AREA_STYLE('',(#2440));
#2335=FILL_AREA_STYLE('',(#2441));
#2336=FILL_AREA_STYLE('',(#2442));
#2337=FILL_AREA_STYLE('',(#2443));
#2338=FILL_AREA_STYLE('',(#2444));
#2339=FILL_AREA_STYLE('',(#2445));
#2340=FILL_AREA_STYLE('',(#2446));
#2341=FILL_AREA_STYLE('',(#2447));
#2342=FILL_AREA_STYLE('',(#2448));
#2343=FILL_AREA_STYLE('',(#2449));
#2344=FILL_AREA_STYLE('',(#2450));
#2345=FILL_AREA_STYLE('',(#2451));
#2346=FILL_AREA_STYLE('',(#2452));
#2347=FILL_AREA_STYLE('',(#2453));
#2348=FILL_AREA_STYLE('',(#2454));
#2349=FILL_AREA_STYLE('',(#2455));
#2350=FILL_AREA_STYLE('',(#2456));
#2351=FILL_AREA_STYLE('',(#2457));
#2352=FILL_AREA_STYLE('',(#2458));
#2353=FILL_AREA_STYLE('',(#2459));
#2354=FILL_AREA_STYLE('',(#2460));
#2355=FILL_AREA_STYLE('',(#2461));
#2356=FILL_AREA_STYLE('',(#2462));
#2357=FILL_AREA_STYLE('',(#2463));
#2358=FILL_AREA_STYLE('',(#2464));
#2359=FILL_AREA_STYLE('',(#2465));
#2360=FILL_AREA_STYLE('',(#2466));
#2361=FILL_AREA_STYLE('',(#2467));
#2362=FILL_AREA_STYLE('',(#2468));
#2363=FILL_AREA_STYLE('',(#2469));
#2364=FILL_AREA_STYLE('',(#2470));
#2365=FILL_AREA_STYLE('',(#2471));
#2366=FILL_AREA_STYLE('',(#2472));
#2367=FILL_AREA_STYLE('',(#2473));
#2368=FILL_AREA_STYLE('',(#2474));
#2369=FILL_AREA_STYLE('',(#2475));
#2370=FILL_AREA_STYLE('',(#2476));
#2371=FILL_AREA_STYLE('',(#2477));
#2372=FILL_AREA_STYLE('',(#2478));
#2373=FILL_AREA_STYLE('',(#2479));
#2374=FILL_AREA_STYLE('',(#2480));
#2375=FILL_AREA_STYLE('',(#2481));
#2376=FILL_AREA_STYLE('',(#2482));
#2377=FILL_AREA_STYLE('',(#2483));
#2378=FILL_AREA_STYLE('',(#2484));
#2379=FILL_AREA_STYLE('',(#2485));
#2380=FILL_AREA_STYLE('',(#2486));
#2381=FILL_AREA_STYLE('',(#2487));
#2382=FILL_AREA_STYLE('',(#2488));
#2383=FILL_AREA_STYLE('',(#2489));
#2384=FILL_AREA_STYLE('',(#2490));
#2385=FILL_AREA_STYLE('',(#2491));
#2386=FILL_AREA_STYLE('',(#2492));
#2387=FILL_AREA_STYLE('',(#2493));
#2388=FILL_AREA_STYLE('',(#2494));
#2389=FILL_AREA_STYLE('',(#2495));
#2390=FILL_AREA_STYLE('',(#2496));
#2391=FILL_AREA_STYLE('',(#2497));
#2392=FILL_AREA_STYLE('',(#2498));
#2393=FILL_AREA_STYLE('',(#2499));
#2394=FILL_AREA_STYLE('',(#2500));
#2395=FILL_AREA_STYLE('',(#2501));
#2396=FILL_AREA_STYLE('',(#2502));
#2397=FILL_AREA_STYLE('',(#2503));
#2398=FILL_AREA_STYLE('',(#2504));
#2399=FILL_AREA_STYLE('',(#2505));
#2400=FILL_AREA_STYLE('',(#2506));
#2401=FILL_AREA_STYLE('',(#2507));
#2402=FILL_AREA_STYLE('',(#2508));
#2403=FILL_AREA_STYLE('',(#2509));
#2404=FILL_AREA_STYLE('',(#2510));
#2405=FILL_AREA_STYLE('',(#2511));
#2406=FILL_AREA_STYLE('',(#2512));
#2407=FILL_AREA_STYLE('',(#2513));
#2408=FILL_AREA_STYLE('',(#2514));
#2409=FILL_AREA_STYLE('',(#2515));
#2410=FILL_AREA_STYLE('',(#2516));
#2411=FILL_AREA_STYLE('',(#2517));
#2412=FILL_AREA_STYLE('',(#2518));
#2413=FILL_AREA_STYLE('',(#2519));
#2414=FILL_AREA_STYLE('',(#2520));
#2415=FILL_AREA_STYLE('',(#2521));
#2416=FILL_AREA_STYLE('',(#2522));
#2417=FILL_AREA_STYLE('',(#2523));
#2418=FILL_AREA_STYLE('',(#2524));
#2419=FILL_AREA_STYLE('',(#2525));
#2420=FILL_AREA_STYLE('',(#2526));
#2421=FILL_AREA_STYLE('',(#2527));
#2422=FILL_AREA_STYLE('',(#2528));
#2423=FILL_AREA_STYLE('',(#2529));
#2424=FILL_AREA_STYLE('',(#2530));
#2425=FILL_AREA_STYLE('',(#2531));
#2426=FILL_AREA_STYLE('',(#2532));
#2427=FILL_AREA_STYLE('',(#2533));
#2428=FILL_AREA_STYLE('',(#2534));
#2429=FILL_AREA_STYLE('',(#2535));
#2430=FILL_AREA_STYLE('',(#2536));
#2431=FILL_AREA_STYLE('',(#2537));
#2432=FILL_AREA_STYLE('',(#2538));
#2433=FILL_AREA_STYLE('',(#2539));
#2434=FILL_AREA_STYLE_COLOUR('',#2540);
#2435=FILL_AREA_STYLE_COLOUR('',#2540);
#2436=FILL_AREA_STYLE_COLOUR('',#2540);
#2437=FILL_AREA_STYLE_COLOUR('',#2540);
#2438=FILL_AREA_STYLE_COLOUR('',#2540);
#2439=FILL_AREA_STYLE_COLOUR('',#2540);
#2440=FILL_AREA_STYLE_COLOUR('',#2540);
#2441=FILL_AREA_STYLE_COLOUR('',#2540);
#2442=FILL_AREA_STYLE_COLOUR('',#2540);
#2443=FILL_AREA_STYLE_COLOUR('',#2540);
#2444=FILL_AREA_STYLE_COLOUR('',#2540);
#2445=FILL_AREA_STYLE_COLOUR('',#2541);
#2446=FILL_AREA_STYLE_COLOUR('',#2541);
#2447=FILL_AREA_STYLE_COLOUR('',#2541);
#2448=FILL_AREA_STYLE_COLOUR('',#2541);
#2449=FILL_AREA_STYLE_COLOUR('',#2541);
#2450=FILL_AREA_STYLE_COLOUR('',#2541);
#2451=FILL_AREA_STYLE_COLOUR('',#2540);
#2452=FILL_AREA_STYLE_COLOUR('',#2541);
#2453=FILL_AREA_STYLE_COLOUR('',#2541);
#2454=FILL_AREA_STYLE_COLOUR('',#2541);
#2455=FILL_AREA_STYLE_COLOUR('',#2541);
#2456=FILL_AREA_STYLE_COLOUR('',#2541);
#2457=FILL_AREA_STYLE_COLOUR('',#2541);
#2458=FILL_AREA_STYLE_COLOUR('',#2541);
#2459=FILL_AREA_STYLE_COLOUR('',#2541);
#2460=FILL_AREA_STYLE_COLOUR('',#2540);
#2461=FILL_AREA_STYLE_COLOUR('',#2541);
#2462=FILL_AREA_STYLE_COLOUR('',#2541);
#2463=FILL_AREA_STYLE_COLOUR('',#2541);
#2464=FILL_AREA_STYLE_COLOUR('',#2541);
#2465=FILL_AREA_STYLE_COLOUR('',#2541);
#2466=FILL_AREA_STYLE_COLOUR('',#2541);
#2467=FILL_AREA_STYLE_COLOUR('',#2540);
#2468=FILL_AREA_STYLE_COLOUR('',#2540);
#2469=FILL_AREA_STYLE_COLOUR('',#2540);
#2470=FILL_AREA_STYLE_COLOUR('',#2540);
#2471=FILL_AREA_STYLE_COLOUR('',#2540);
#2472=FILL_AREA_STYLE_COLOUR('',#2540);
#2473=FILL_AREA_STYLE_COLOUR('',#2540);
#2474=FILL_AREA_STYLE_COLOUR('',#2540);
#2475=FILL_AREA_STYLE_COLOUR('',#2540);
#2476=FILL_AREA_STYLE_COLOUR('',#2540);
#2477=FILL_AREA_STYLE_COLOUR('',#2540);
#2478=FILL_AREA_STYLE_COLOUR('',#2540);
#2479=FILL_AREA_STYLE_COLOUR('',#2540);
#2480=FILL_AREA_STYLE_COLOUR('',#2540);
#2481=FILL_AREA_STYLE_COLOUR('',#2540);
#2482=FILL_AREA_STYLE_COLOUR('',#2540);
#2483=FILL_AREA_STYLE_COLOUR('',#2540);
#2484=FILL_AREA_STYLE_COLOUR('',#2540);
#2485=FILL_AREA_STYLE_COLOUR('',#2541);
#2486=FILL_AREA_STYLE_COLOUR('',#2541);
#2487=FILL_AREA_STYLE_COLOUR('',#2541);
#2488=FILL_AREA_STYLE_COLOUR('',#2541);
#2489=FILL_AREA_STYLE_COLOUR('',#2541);
#2490=FILL_AREA_STYLE_COLOUR('',#2541);
#2491=FILL_AREA_STYLE_COLOUR('',#2541);
#2492=FILL_AREA_STYLE_COLOUR('',#2541);
#2493=FILL_AREA_STYLE_COLOUR('',#2541);
#2494=FILL_AREA_STYLE_COLOUR('',#2541);
#2495=FILL_AREA_STYLE_COLOUR('',#2541);
#2496=FILL_AREA_STYLE_COLOUR('',#2541);
#2497=FILL_AREA_STYLE_COLOUR('',#2541);
#2498=FILL_AREA_STYLE_COLOUR('',#2541);
#2499=FILL_AREA_STYLE_COLOUR('',#2541);
#2500=FILL_AREA_STYLE_COLOUR('',#2541);
#2501=FILL_AREA_STYLE_COLOUR('',#2541);
#2502=FILL_AREA_STYLE_COLOUR('',#2541);
#2503=FILL_AREA_STYLE_COLOUR('',#2541);
#2504=FILL_AREA_STYLE_COLOUR('',#2541);
#2505=FILL_AREA_STYLE_COLOUR('',#2541);
#2506=FILL_AREA_STYLE_COLOUR('',#2541);
#2507=FILL_AREA_STYLE_COLOUR('',#2541);
#2508=FILL_AREA_STYLE_COLOUR('',#2541);
#2509=FILL_AREA_STYLE_COLOUR('',#2541);
#2510=FILL_AREA_STYLE_COLOUR('',#2541);
#2511=FILL_AREA_STYLE_COLOUR('',#2541);
#2512=FILL_AREA_STYLE_COLOUR('',#2541);
#2513=FILL_AREA_STYLE_COLOUR('',#2541);
#2514=FILL_AREA_STYLE_COLOUR('',#2541);
#2515=FILL_AREA_STYLE_COLOUR('',#2541);
#2516=FILL_AREA_STYLE_COLOUR('',#2541);
#2517=FILL_AREA_STYLE_COLOUR('',#2541);
#2518=FILL_AREA_STYLE_COLOUR('',#2541);
#2519=FILL_AREA_STYLE_COLOUR('',#2541);
#2520=FILL_AREA_STYLE_COLOUR('',#2541);
#2521=FILL_AREA_STYLE_COLOUR('',#2541);
#2522=FILL_AREA_STYLE_COLOUR('',#2541);
#2523=FILL_AREA_STYLE_COLOUR('',#2541);
#2524=FILL_AREA_STYLE_COLOUR('',#2541);
#2525=FILL_AREA_STYLE_COLOUR('',#2541);
#2526=FILL_AREA_STYLE_COLOUR('',#2541);
#2527=FILL_AREA_STYLE_COLOUR('',#2541);
#2528=FILL_AREA_STYLE_COLOUR('',#2541);
#2529=FILL_AREA_STYLE_COLOUR('',#2541);
#2530=FILL_AREA_STYLE_COLOUR('',#2541);
#2531=FILL_AREA_STYLE_COLOUR('',#2541);
#2532=FILL_AREA_STYLE_COLOUR('',#2541);
#2533=FILL_AREA_STYLE_COLOUR('',#2541);
#2534=FILL_AREA_STYLE_COLOUR('',#2541);
#2535=FILL_AREA_STYLE_COLOUR('',#2540);
#2536=FILL_AREA_STYLE_COLOUR('',#2540);
#2537=FILL_AREA_STYLE_COLOUR('',#2541);
#2538=FILL_AREA_STYLE_COLOUR('',#2540);
#2539=FILL_AREA_STYLE_COLOUR('',#2540);
#2540=COLOUR_RGB('',0.5,0.5,0.5);
#2541=COLOUR_RGB('',0.200000002980232,0.200000002980232,0.200000002980232);
#2542=ADVANCED_FACE('',(#1596),#1718,.F.);
#2543=ADVANCED_FACE('',(#1597),#40,.T.);
#2544=ADVANCED_FACE('',(#1598),#1719,.T.);
#2545=ADVANCED_FACE('',(#1599),#1720,.F.);
#2546=ADVANCED_FACE('',(#1600),#41,.T.);
#2547=ADVANCED_FACE('',(#1601),#1721,.T.);
#2548=ADVANCED_FACE('',(#1602),#1722,.F.);
#2549=ADVANCED_FACE('',(#1603),#42,.T.);
#2550=ADVANCED_FACE('',(#1604),#1723,.F.);
#2551=ADVANCED_FACE('',(#1605),#1724,.F.);
#2552=ADVANCED_FACE('',(#1606,#1607),#38,.T.);
#2553=ADVANCED_FACE('',(#1608,#1609),#1725,.T.);
#2554=ADVANCED_FACE('',(#1610,#1611),#20,.F.);
#2555=ADVANCED_FACE('',(#1612,#1613),#43,.T.);
#2556=ADVANCED_FACE('',(#1614,#1615),#21,.F.);
#2557=ADVANCED_FACE('',(#1616),#1726,.F.);
#2558=ADVANCED_FACE('',(#1617),#1727,.F.);
#2559=ADVANCED_FACE('',(#1618),#1728,.T.);
#2560=ADVANCED_FACE('',(#1619),#1729,.T.);
#2561=ADVANCED_FACE('',(#1620),#1730,.T.);
#2562=ADVANCED_FACE('',(#1621),#1731,.T.);
#2563=ADVANCED_FACE('',(#1622),#1732,.T.);
#2564=ADVANCED_FACE('',(#1623),#1733,.F.);
#2565=ADVANCED_FACE('',(#1624),#1734,.F.);
#2566=ADVANCED_FACE('',(#1625),#1735,.F.);
#2567=ADVANCED_FACE('',(#1626),#1736,.F.);
#2568=ADVANCED_FACE('',(#1627),#1737,.T.);
#2569=ADVANCED_FACE('',(#1628),#1738,.T.);
#2570=ADVANCED_FACE('',(#1629),#1739,.T.);
#2571=ADVANCED_FACE('',(#1630),#1740,.T.);
#2572=ADVANCED_FACE('',(#1631),#1741,.T.);
#2573=ADVANCED_FACE('',(#1632),#1742,.F.);
#2574=ADVANCED_FACE('',(#1633),#1743,.F.);
#2575=ADVANCED_FACE('',(#1634),#22,.F.);
#2576=ADVANCED_FACE('',(#1635),#1744,.T.);
#2577=ADVANCED_FACE('',(#1636),#1745,.T.);
#2578=ADVANCED_FACE('',(#1637),#1746,.T.);
#2579=ADVANCED_FACE('',(#1638),#1747,.T.);
#2580=ADVANCED_FACE('',(#1639),#1748,.F.);
#2581=ADVANCED_FACE('',(#1640),#1749,.F.);
#2582=ADVANCED_FACE('',(#1641),#1750,.F.);
#2583=ADVANCED_FACE('',(#1642),#23,.T.);
#2584=ADVANCED_FACE('',(#1643),#24,.F.);
#2585=ADVANCED_FACE('',(#1644),#1751,.T.);
#2586=ADVANCED_FACE('',(#1645),#1752,.T.);
#2587=ADVANCED_FACE('',(#1646),#1753,.T.);
#2588=ADVANCED_FACE('',(#1647),#1754,.T.);
#2589=ADVANCED_FACE('',(#1648),#1755,.F.);
#2590=ADVANCED_FACE('',(#1649),#1756,.F.);
#2591=ADVANCED_FACE('',(#1650),#1757,.F.);
#2592=ADVANCED_FACE('',(#1651),#25,.T.);
#2593=ADVANCED_FACE('',(#1652),#26,.T.);
#2594=ADVANCED_FACE('',(#1653),#1758,.F.);
#2595=ADVANCED_FACE('',(#1654),#27,.T.);
#2596=ADVANCED_FACE('',(#1655),#1759,.T.);
#2597=ADVANCED_FACE('',(#1656),#1760,.F.);
#2598=ADVANCED_FACE('',(#1657),#28,.T.);
#2599=ADVANCED_FACE('',(#1658),#1761,.T.);
#2600=ADVANCED_FACE('',(#1659),#1762,.T.);
#2601=ADVANCED_FACE('',(#1660),#1763,.F.);
#2602=ADVANCED_FACE('',(#1661),#1764,.F.);
#2603=ADVANCED_FACE('',(#1662),#1765,.F.);
#2604=ADVANCED_FACE('',(#1663),#29,.T.);
#2605=ADVANCED_FACE('',(#1664),#1766,.F.);
#2606=ADVANCED_FACE('',(#1665),#1767,.F.);
#2607=ADVANCED_FACE('',(#1666),#1768,.T.);
#2608=ADVANCED_FACE('',(#1667),#1769,.F.);
#2609=ADVANCED_FACE('',(#1668),#1770,.F.);
#2610=ADVANCED_FACE('',(#1669),#30,.T.);
#2611=ADVANCED_FACE('',(#1670),#1771,.T.);
#2612=ADVANCED_FACE('',(#1671),#31,.T.);
#2613=ADVANCED_FACE('',(#1672),#1772,.F.);
#2614=ADVANCED_FACE('',(#1673),#1773,.F.);
#2615=ADVANCED_FACE('',(#1674),#1774,.F.);
#2616=ADVANCED_FACE('',(#1675),#1775,.T.);
#2617=ADVANCED_FACE('',(#1676),#1776,.F.);
#2618=ADVANCED_FACE('',(#1677),#32,.T.);
#2619=ADVANCED_FACE('',(#1678),#1777,.F.);
#2620=ADVANCED_FACE('',(#1679),#33,.T.);
#2621=ADVANCED_FACE('',(#1680),#1778,.T.);
#2622=ADVANCED_FACE('',(#1681),#1779,.F.);
#2623=ADVANCED_FACE('',(#1682),#1780,.F.);
#2624=ADVANCED_FACE('',(#1683),#1781,.F.);
#2625=ADVANCED_FACE('',(#1684),#1782,.F.);
#2626=ADVANCED_FACE('',(#1685),#1783,.F.);
#2627=ADVANCED_FACE('',(#1686),#34,.F.);
#2628=ADVANCED_FACE('',(#1687),#1784,.F.);
#2629=ADVANCED_FACE('',(#1688),#35,.F.);
#2630=ADVANCED_FACE('',(#1689),#1785,.T.);
#2631=ADVANCED_FACE('',(#1690),#1786,.T.);
#2632=ADVANCED_FACE('',(#1691),#1787,.F.);
#2633=ADVANCED_FACE('',(#1692,#1693,#1694),#1788,.T.);
#2634=ADVANCED_FACE('',(#1695,#1696,#1697),#1789,.T.);
#2635=ADVANCED_FACE('',(#1698),#1790,.F.);
#2636=ADVANCED_FACE('',(#1699),#1791,.T.);
#2637=ADVANCED_FACE('',(#1700),#1792,.F.);
#2638=ADVANCED_FACE('',(#1701,#1702,#1703),#1793,.F.);
#2639=ADVANCED_FACE('',(#1704,#1705),#36,.F.);
#2640=ADVANCED_FACE('',(#1706,#1707),#44,.T.);
#2641=ADVANCED_FACE('',(#1708,#1709),#37,.F.);
#2642=ADVANCED_FACE('',(#1710,#1711),#1794,.T.);
#2643=ADVANCED_FACE('',(#1712),#1795,.F.);
#2644=ADVANCED_FACE('',(#1713),#1796,.F.);
#2645=ADVANCED_FACE('',(#1714,#1715),#39,.T.);
#2646=ADVANCED_FACE('',(#1716),#45,.T.);
#2647=ADVANCED_FACE('',(#1717),#1797,.F.);
#2648=CLOSED_SHELL('',(#2542,#2543,#2544,#2545,#2546,#2547,#2548,#2549,
#2550,#2551,#2552,#2553,#2554,#2555,#2556,#2557,#2558,#2559,#2560,#2561,
#2562,#2563,#2564,#2565,#2566,#2567,#2568,#2569,#2570,#2571,#2572,#2573,
#2574,#2575,#2576,#2577,#2578,#2579,#2580,#2581,#2582,#2583,#2584,#2585,
#2586,#2587,#2588,#2589,#2590,#2591,#2592,#2593,#2594,#2595,#2596,#2597,
#2598,#2599,#2600,#2601,#2602,#2603,#2604,#2605,#2606,#2607,#2608,#2609,
#2610,#2611,#2612,#2613,#2614,#2615,#2616,#2617,#2618,#2619,#2620,#2621,
#2622,#2623,#2624,#2625,#2626,#2627,#2628,#2629,#2630,#2631,#2632,#2633,
#2634,#2635,#2636,#2637,#2638,#2639,#2640,#2641,#2642,#2643,#2644,#2645,
#2646,#2647));
#2649=MANIFOLD_SOLID_BREP('',#2648);
#2650=SHAPE_DEFINITION_REPRESENTATION(#3930,#2651);
#2651=SHAPE_REPRESENTATION('DG381-3',(#2652),#3925);
#2652=AXIS2_PLACEMENT_3D('',#3343,#2817,#2818);
#2653=AXIS2_PLACEMENT_3D('',#3344,#2819,#2820);
#2654=AXIS2_PLACEMENT_3D('',#3345,#2821,#2822);
#2655=AXIS2_PLACEMENT_3D('',#3356,#2824,#2825);
#2656=AXIS2_PLACEMENT_3D('',#3362,#2826,#2827);
#2657=AXIS2_PLACEMENT_3D('',#3368,#2828,#2829);
#2658=AXIS2_PLACEMENT_3D('',#3369,#2830,#2831);
#2659=AXIS2_PLACEMENT_3D('',#3373,#2833,#2834);
#2660=AXIS2_PLACEMENT_3D('',#3374,#2835,#2836);
#2661=AXIS2_PLACEMENT_3D('',#3375,#2837,#2838);
#2662=AXIS2_PLACEMENT_3D('',#3386,#2840,#2841);
#2663=AXIS2_PLACEMENT_3D('',#3392,#2842,#2843);
#2664=AXIS2_PLACEMENT_3D('',#3398,#2844,#2845);
#2665=AXIS2_PLACEMENT_3D('',#3399,#2846,#2847);
#2666=AXIS2_PLACEMENT_3D('',#3403,#2849,#2850);
#2667=AXIS2_PLACEMENT_3D('',#3404,#2851,#2852);
#2668=AXIS2_PLACEMENT_3D('',#3408,#2854,#2855);
#2669=AXIS2_PLACEMENT_3D('',#3409,#2856,#2857);
#2670=AXIS2_PLACEMENT_3D('',#3420,#2858,#2859);
#2671=AXIS2_PLACEMENT_3D('',#3421,#2860,#2861);
#2672=AXIS2_PLACEMENT_3D('',#3422,#2862,#2863);
#2673=AXIS2_PLACEMENT_3D('',#3426,#2865,#2866);
#2674=AXIS2_PLACEMENT_3D('',#3427,#2867,#2868);
#2675=AXIS2_PLACEMENT_3D('',#3428,#2869,#2870);
#2676=AXIS2_PLACEMENT_3D('',#3429,#2871,#2872);
#2677=AXIS2_PLACEMENT_3D('',#3430,#2873,#2874);
#2678=AXIS2_PLACEMENT_3D('',#3431,#2875,#2876);
#2679=AXIS2_PLACEMENT_3D('',#3433,#2877,#2878);
#2680=AXIS2_PLACEMENT_3D('',#3434,#2879,#2880);
#2681=AXIS2_PLACEMENT_3D('',#3436,#2881,#2882);
#2682=AXIS2_PLACEMENT_3D('',#3437,#2883,#2884);
#2683=AXIS2_PLACEMENT_3D('',#3439,#2885,#2886);
#2684=AXIS2_PLACEMENT_3D('',#3440,#2887,#2888);
#2685=AXIS2_PLACEMENT_3D('',#3442,#2889,#2890);
#2686=AXIS2_PLACEMENT_3D('',#3443,#2891,#2892);
#2687=AXIS2_PLACEMENT_3D('',#3445,#2893,#2894);
#2688=AXIS2_PLACEMENT_3D('',#3454,#2899,#2900);
#2689=AXIS2_PLACEMENT_3D('',#3460,#2904,#2905);
#2690=AXIS2_PLACEMENT_3D('',#3464,#2908,#2909);
#2691=AXIS2_PLACEMENT_3D('',#3468,#2912,#2913);
#2692=AXIS2_PLACEMENT_3D('',#3470,#2915,#2916);
#2693=AXIS2_PLACEMENT_3D('',#3476,#2920,#2921);
#2694=AXIS2_PLACEMENT_3D('',#3480,#2924,#2925);
#2695=AXIS2_PLACEMENT_3D('',#3484,#2928,#2929);
#2696=AXIS2_PLACEMENT_3D('',#3486,#2931,#2932);
#2697=AXIS2_PLACEMENT_3D('',#3495,#2937,#2938);
#2698=AXIS2_PLACEMENT_3D('',#3501,#2942,#2943);
#2699=AXIS2_PLACEMENT_3D('',#3505,#2946,#2947);
#2700=AXIS2_PLACEMENT_3D('',#3509,#2950,#2951);
#2701=AXIS2_PLACEMENT_3D('',#3511,#2953,#2954);
#2702=AXIS2_PLACEMENT_3D('',#3517,#2958,#2959);
#2703=AXIS2_PLACEMENT_3D('',#3521,#2962,#2963);
#2704=AXIS2_PLACEMENT_3D('',#3525,#2966,#2967);
#2705=AXIS2_PLACEMENT_3D('',#3527,#2969,#2970);
#2706=AXIS2_PLACEMENT_3D('',#3531,#2972,#2973);
#2707=AXIS2_PLACEMENT_3D('',#3535,#2975,#2976);
#2708=AXIS2_PLACEMENT_3D('',#3536,#2977,#2978);
#2709=AXIS2_PLACEMENT_3D('',#3545,#2983,#2984);
#2710=AXIS2_PLACEMENT_3D('',#3555,#2990,#2991);
#2711=AXIS2_PLACEMENT_3D('',#3559,#2994,#2995);
#2712=AXIS2_PLACEMENT_3D('',#3560,#2996,#2997);
#2713=AXIS2_PLACEMENT_3D('',#3564,#3000,#3001);
#2714=AXIS2_PLACEMENT_3D('',#3568,#3004,#3005);
#2715=AXIS2_PLACEMENT_3D('',#3570,#3007,#3008);
#2716=AXIS2_PLACEMENT_3D('',#3573,#3010,#3011);
#2717=AXIS2_PLACEMENT_3D('',#3574,#3012,#3013);
#2718=AXIS2_PLACEMENT_3D('',#3576,#3015,#3016);
#2719=AXIS2_PLACEMENT_3D('',#3580,#3018,#3019);
#2720=AXIS2_PLACEMENT_3D('',#3584,#3021,#3022);
#2721=AXIS2_PLACEMENT_3D('',#3585,#3023,#3024);
#2722=AXIS2_PLACEMENT_3D('',#3594,#3029,#3030);
#2723=AXIS2_PLACEMENT_3D('',#3604,#3036,#3037);
#2724=AXIS2_PLACEMENT_3D('',#3608,#3040,#3041);
#2725=AXIS2_PLACEMENT_3D('',#3609,#3042,#3043);
#2726=AXIS2_PLACEMENT_3D('',#3613,#3046,#3047);
#2727=AXIS2_PLACEMENT_3D('',#3617,#3050,#3051);
#2728=AXIS2_PLACEMENT_3D('',#3619,#3053,#3054);
#2729=AXIS2_PLACEMENT_3D('',#3622,#3056,#3057);
#2730=AXIS2_PLACEMENT_3D('',#3623,#3058,#3059);
#2731=AXIS2_PLACEMENT_3D('',#3625,#3061,#3062);
#2732=AXIS2_PLACEMENT_3D('',#3626,#3063,#3064);
#2733=AXIS2_PLACEMENT_3D('',#3631,#3066,#3067);
#2734=AXIS2_PLACEMENT_3D('',#3634,#3069,#3070);
#2735=AXIS2_PLACEMENT_3D('',#3643,#3075,#3076);
#2736=AXIS2_PLACEMENT_3D('',#3644,#3077,#3078);
#2737=AXIS2_PLACEMENT_3D('',#3646,#3079,#3080);
#2738=AXIS2_PLACEMENT_3D('',#3649,#3082,#3083);
#2739=AXIS2_PLACEMENT_3D('',#3655,#3087,#3088);
#2740=AXIS2_PLACEMENT_3D('',#3656,#3089,#3090);
#2741=AXIS2_PLACEMENT_3D('',#3661,#3093,#3094);
#2742=AXIS2_PLACEMENT_3D('',#3662,#3095,#3096);
#2743=AXIS2_PLACEMENT_3D('',#3665,#3098,#3099);
#2744=AXIS2_PLACEMENT_3D('',#3669,#3102,#3103);
#2745=AXIS2_PLACEMENT_3D('',#3687,#3113,#3114);
#2746=AXIS2_PLACEMENT_3D('',#3692,#3118,#3119);
#2747=AXIS2_PLACEMENT_3D('',#3696,#3122,#3123);
#2748=AXIS2_PLACEMENT_3D('',#3705,#3128,#3129);
#2749=AXIS2_PLACEMENT_3D('',#3706,#3130,#3131);
#2750=AXIS2_PLACEMENT_3D('',#3710,#3133,#3134);
#2751=AXIS2_PLACEMENT_3D('',#3711,#3135,#3136);
#2752=AXIS2_PLACEMENT_3D('',#3717,#3140,#3141);
#2753=AXIS2_PLACEMENT_3D('',#3721,#3144,#3145);
#2754=AXIS2_PLACEMENT_3D('',#3725,#3148,#3149);
#2755=AXIS2_PLACEMENT_3D('',#3732,#3154,#3155);
#2756=AXIS2_PLACEMENT_3D('',#3733,#3156,#3157);
#2757=AXIS2_PLACEMENT_3D('',#3738,#3160,#3161);
#2758=AXIS2_PLACEMENT_3D('',#3739,#3162,#3163);
#2759=AXIS2_PLACEMENT_3D('',#3744,#3166,#3167);
#2760=AXIS2_PLACEMENT_3D('',#3746,#3169,#3170);
#2761=AXIS2_PLACEMENT_3D('',#3747,#3171,#3172);
#2762=AXIS2_PLACEMENT_3D('',#3752,#3174,#3175);
#2763=AXIS2_PLACEMENT_3D('',#3755,#3177,#3178);
#2764=AXIS2_PLACEMENT_3D('',#3760,#3182,#3183);
#2765=AXIS2_PLACEMENT_3D('',#3764,#3186,#3187);
#2766=AXIS2_PLACEMENT_3D('',#3773,#3192,#3193);
#2767=AXIS2_PLACEMENT_3D('',#3780,#3197,#3198);
#2768=AXIS2_PLACEMENT_3D('',#3781,#3199,#3200);
#2769=AXIS2_PLACEMENT_3D('',#3787,#3204,#3205);
#2770=AXIS2_PLACEMENT_3D('',#3788,#3206,#3207);
#2771=AXIS2_PLACEMENT_3D('',#3789,#3208,#3209);
#2772=AXIS2_PLACEMENT_3D('',#3793,#3212,#3213);
#2773=AXIS2_PLACEMENT_3D('',#3794,#3214,#3215);
#2774=AXIS2_PLACEMENT_3D('',#3799,#3217,#3218);
#2775=AXIS2_PLACEMENT_3D('',#3802,#3220,#3221);
#2776=AXIS2_PLACEMENT_3D('',#3808,#3225,#3226);
#2777=AXIS2_PLACEMENT_3D('',#3812,#3230,#3231);
#2778=AXIS2_PLACEMENT_3D('',#3814,#3233,#3234);
#2779=AXIS2_PLACEMENT_3D('',#3820,#3238,#3239);
#2780=AXIS2_PLACEMENT_3D('',#3824,#3242,#3243);
#2781=AXIS2_PLACEMENT_3D('',#3828,#3246,#3247);
#2782=AXIS2_PLACEMENT_3D('',#3832,#3249,#3250);
#2783=AXIS2_PLACEMENT_3D('',#3836,#3252,#3253);
#2784=AXIS2_PLACEMENT_3D('',#3837,#3254,#3255);
#2785=AXIS2_PLACEMENT_3D('',#3843,#3259,#3260);
#2786=AXIS2_PLACEMENT_3D('',#3844,#3261,#3262);
#2787=AXIS2_PLACEMENT_3D('',#3848,#3264,#3265);
#2788=AXIS2_PLACEMENT_3D('',#3849,#3266,#3267);
#2789=AXIS2_PLACEMENT_3D('',#3855,#3271,#3272);
#2790=AXIS2_PLACEMENT_3D('',#3859,#3275,#3276);
#2791=AXIS2_PLACEMENT_3D('',#3863,#3279,#3280);
#2792=AXIS2_PLACEMENT_3D('',#3868,#3284,#3285);
#2793=AXIS2_PLACEMENT_3D('',#3872,#3288,#3289);
#2794=AXIS2_PLACEMENT_3D('',#3876,#3292,#3293);
#2795=AXIS2_PLACEMENT_3D('',#3880,#3296,#3297);
#2796=AXIS2_PLACEMENT_3D('',#3882,#3299,#3300);
#2797=AXIS2_PLACEMENT_3D('',#3883,#3301,#3302);
#2798=AXIS2_PLACEMENT_3D('',#3885,#3303,#3304);
#2799=AXIS2_PLACEMENT_3D('',#3886,#3305,#3306);
#2800=AXIS2_PLACEMENT_3D('',#3888,#3307,#3308);
#2801=AXIS2_PLACEMENT_3D('',#3889,#3309,#3310);
#2802=AXIS2_PLACEMENT_3D('',#3891,#3311,#3312);
#2803=AXIS2_PLACEMENT_3D('',#3892,#3313,#3314);
#2804=AXIS2_PLACEMENT_3D('',#3894,#3315,#3316);
#2805=AXIS2_PLACEMENT_3D('',#3895,#3317,#3318);
#2806=AXIS2_PLACEMENT_3D('',#3897,#3319,#3320);
#2807=AXIS2_PLACEMENT_3D('',#3898,#3321,#3322);
#2808=AXIS2_PLACEMENT_3D('',#3903,#3324,#3325);
#2809=AXIS2_PLACEMENT_3D('',#3916,#3327,#3328);
#2810=AXIS2_PLACEMENT_3D('',#3917,#3329,#3330);
#2811=AXIS2_PLACEMENT_3D('',#3918,#3331,#3332);
#2812=AXIS2_PLACEMENT_3D('',#3919,#3333,#3334);
#2813=AXIS2_PLACEMENT_3D('',#3920,#3335,#3336);
#2814=AXIS2_PLACEMENT_3D('',#3921,#3337,#3338);
#2815=AXIS2_PLACEMENT_3D('',#3922,#3339,#3340);
#2816=AXIS2_PLACEMENT_3D('',#3923,#3341,#3342);
#2817=DIRECTION('',(0.,0.,1.));
#2818=DIRECTION('',(1.,0.,0.));
#2819=DIRECTION('',(0.,0.,1.));
#2820=DIRECTION('',(-1.,0.,0.));
#2821=DIRECTION('',(0.,0.,1.));
#2822=DIRECTION('',(1.,0.,0.));
#2823=DIRECTION('',(-1.,0.,0.));
#2824=DIRECTION('',(0.,0.,1.));
#2825=DIRECTION('',(-0.977144242569395,-0.212577348777999,-1.07936079234999E-14));
#2826=DIRECTION('',(0.,0.,-1.));
#2827=DIRECTION('',(0.912920631394099,-0.408137134766,0.));
#2828=DIRECTION('',(0.,1.,0.));
#2829=DIRECTION('',(1.,0.,0.));
#2830=DIRECTION('',(0.,-1.,0.));
#2831=DIRECTION('',(-0.993810322774699,0.,-0.111090244155136));
#2832=DIRECTION('',(-1.,0.,0.));
#2833=DIRECTION('',(0.,-1.,0.));
#2834=DIRECTION('',(0.993785236178281,0.,-0.111314439108669));
#2835=DIRECTION('',(0.,0.,1.));
#2836=DIRECTION('',(-1.,0.,0.));
#2837=DIRECTION('',(0.,1.245269389396E-14,1.));
#2838=DIRECTION('',(0.,-1.,1.245269389396E-14));
#2839=DIRECTION('',(-1.,0.,0.));
#2840=DIRECTION('',(0.,1.245269389396E-14,1.));
#2841=DIRECTION('',(-0.977144242569266,-0.212577348778593,1.23828838593396E-14));
#2842=DIRECTION('',(0.,-1.245269389396E-14,-1.));
#2843=DIRECTION('',(0.912920631396329,-0.408137134761013,0.));
#2844=DIRECTION('',(0.,1.,0.));
#2845=DIRECTION('',(1.,0.,0.));
#2846=DIRECTION('',(0.,-1.,0.));
#2847=DIRECTION('',(-0.993810322775074,0.,-0.111090244151789));
#2848=DIRECTION('',(-1.,0.,0.));
#2849=DIRECTION('',(0.,-1.,0.));
#2850=DIRECTION('',(0.993785236177204,0.,-0.111314439118286));
#2851=DIRECTION('',(0.,0.,1.));
#2852=DIRECTION('',(-1.,0.,0.));
#2853=DIRECTION('',(1.,-1.392698591941E-14,0.));
#2854=DIRECTION('',(0.,0.,-1.));
#2855=DIRECTION('',(-0.96935732428542,0.245654997617005,0.));
#2856=DIRECTION('',(0.,0.,1.));
#2857=DIRECTION('',(0.977387523407011,0.211455974350002,0.));
#2858=DIRECTION('',(0.,0.,-1.));
#2859=DIRECTION('',(-0.973856651243568,0.227163427577293,0.));
#2860=DIRECTION('',(0.,1.,0.));
#2861=DIRECTION('',(-1.,0.,0.));
#2862=DIRECTION('',(0.,1.,0.));
#2863=DIRECTION('',(0.993810322775203,0.,-0.111090244150632));
#2864=DIRECTION('',(1.,0.,0.));
#2865=DIRECTION('',(0.,1.,0.));
#2866=DIRECTION('',(-0.993785236177319,0.,-0.111314439117259));
#2867=DIRECTION('',(0.,0.,1.));
#2868=DIRECTION('',(-1.,0.,0.));
#2869=DIRECTION('',(0.,0.,-1.));
#2870=DIRECTION('',(1.,0.,0.));
#2871=DIRECTION('',(0.,0.,-1.));
#2872=DIRECTION('',(-0.975956440483515,-0.217965653897003,0.));
#2873=DIRECTION('',(0.,0.,1.));
#2874=DIRECTION('',(1.,0.,0.));
#2875=DIRECTION('',(0.,0.,1.));
#2876=DIRECTION('',(1.,0.,0.));
#2877=DIRECTION('',(0.,0.,-1.));
#2878=DIRECTION('',(-1.,0.,0.));
#2879=DIRECTION('',(0.,0.,-1.));
#2880=DIRECTION('',(1.,0.,0.));
#2881=DIRECTION('',(0.,0.,-1.));
#2882=DIRECTION('',(0.,1.,0.));
#2883=DIRECTION('',(0.,0.,1.));
#2884=DIRECTION('',(1.,0.,0.));
#2885=DIRECTION('',(0.,0.,1.));
#2886=DIRECTION('',(1.,0.,0.));
#2887=DIRECTION('',(0.,0.,-1.));
#2888=DIRECTION('',(1.,0.,0.));
#2889=DIRECTION('',(0.,0.,-1.));
#2890=DIRECTION('',(-1.,0.,0.));
#2891=DIRECTION('',(0.,0.,1.));
#2892=DIRECTION('',(1.,0.,0.));
#2893=DIRECTION('',(0.,1.,0.));
#2894=DIRECTION('',(1.,0.,0.));
#2895=DIRECTION('',(0.,0.,1.));
#2896=DIRECTION('',(-1.,-4.447553436364E-12,4.411360165763E-11));
#2897=DIRECTION('',(1.93466158122E-11,8.276777955626E-12,1.));
#2898=DIRECTION('',(-1.,-3.962163929703E-11,-5.397293722274E-11));
#2899=DIRECTION('',(0.,0.,1.));
#2900=DIRECTION('',(0.,1.,0.));
#2901=DIRECTION('',(-1.,9.899192574127E-11,-7.440326130995E-11));
#2902=DIRECTION('',(0.,-1.,0.));
#2903=DIRECTION('',(2.834020599796E-11,-1.,4.807135081985E-12));
#2904=DIRECTION('',(1.,0.,0.));
#2905=DIRECTION('',(0.,-1.,0.));
#2906=DIRECTION('',(0.,-1.,0.));
#2907=DIRECTION('',(0.,0.,-1.));
#2908=DIRECTION('',(0.,0.,1.));
#2909=DIRECTION('',(0.,-1.,0.));
#2910=DIRECTION('',(1.,-4.006794895133E-11,-2.21812568272E-10));
#2911=DIRECTION('',(2.834072845648E-11,-1.,-4.181178279369E-11));
#2912=DIRECTION('',(0.,1.,0.));
#2913=DIRECTION('',(-1.,0.,0.));
#2914=DIRECTION('',(-1.93466158113E-11,1.38647263595E-11,-1.));
#2915=DIRECTION('',(0.514495755427791,0.857492925712385,0.));
#2916=DIRECTION('',(0.,0.,1.));
#2917=DIRECTION('',(0.329690236680185,-0.197814142024191,-0.923132662759258));
#2918=DIRECTION('',(0.762492851638423,-0.457495710995814,0.457495711040814));
#2919=DIRECTION('',(4.033113712381E-12,1.177097635079E-12,1.));
#2920=DIRECTION('',(0.941741911594756,0.,0.336336396998384));
#2921=DIRECTION('',(0.,-1.,0.));
#2922=DIRECTION('',(-0.329690236699296,-0.197814142043997,0.923132662748188));
#2923=DIRECTION('',(-1.530872047471E-11,-1.,2.788185141676E-11));
#2924=DIRECTION('',(-0.514495755428482,0.857492925711971,0.));
#2925=DIRECTION('',(0.,0.,-1.));
#2926=DIRECTION('',(0.762492851642588,0.457495711046093,0.457495710983593));
#2927=DIRECTION('',(-4.032852483355E-12,-1.542295702923E-12,-1.));
#2928=DIRECTION('',(-0.514495755426791,0.,0.857492925712985));
#2929=DIRECTION('',(0.,1.,0.));
#2930=DIRECTION('',(1.530910663923E-11,1.,1.164189517723E-12));
#2931=DIRECTION('',(0.,1.,0.));
#2932=DIRECTION('',(1.,0.,0.));
#2933=DIRECTION('',(0.,0.,1.));
#2934=DIRECTION('',(-1.,-5.052069873249E-12,4.168332345701E-11));
#2935=DIRECTION('',(1.919092335982E-11,8.21107887547E-12,1.));
#2936=DIRECTION('',(-1.,-3.994859997788E-11,-5.367262189483E-11));
#2937=DIRECTION('',(0.,0.,1.));
#2938=DIRECTION('',(0.,1.,0.));
#2939=DIRECTION('',(-1.,9.828082789442E-11,-7.444767023109E-11));
#2940=DIRECTION('',(0.,-1.,0.));
#2941=DIRECTION('',(2.866412989226E-11,-1.,4.888116055555E-12));
#2942=DIRECTION('',(1.,0.,0.));
#2943=DIRECTION('',(0.,-1.,0.));
#2944=DIRECTION('',(0.,-1.,0.));
#2945=DIRECTION('',(0.,0.,-1.));
#2946=DIRECTION('',(0.,0.,1.));
#2947=DIRECTION('',(0.,-1.,0.));
#2948=DIRECTION('',(1.,-3.969824468426E-11,-2.20841123126E-10));
#2949=DIRECTION('',(2.866412989289E-11,-1.,-4.21550376301E-11));
#2950=DIRECTION('',(0.,1.,0.));
#2951=DIRECTION('',(-1.,0.,0.));
#2952=DIRECTION('',(-1.919092335892E-11,1.378413722937E-11,-1.));
#2953=DIRECTION('',(0.514495755427409,0.857492925712615,0.));
#2954=DIRECTION('',(0.,0.,1.));
#2955=DIRECTION('',(0.329690236680602,-0.197814142024201,-0.923132662759106));
#2956=DIRECTION('',(0.762492851638723,-0.457495710995114,0.457495711041014));
#2957=DIRECTION('',(4.228774193666E-12,1.076067339836E-12,1.));
#2958=DIRECTION('',(0.941741911594819,0.,0.336336396998207));
#2959=DIRECTION('',(0.,-1.,0.));
#2960=DIRECTION('',(-0.329690236700002,-0.197814142044601,0.923132662747806));
#2961=DIRECTION('',(-1.571071775076E-11,-1.,2.889746413148E-11));
#2962=DIRECTION('',(-0.514495755427791,0.857492925712385,0.));
#2963=DIRECTION('',(0.,0.,-1.));
#2964=DIRECTION('',(0.762492851642623,0.457495711046214,0.457495710983414));
#2965=DIRECTION('',(-4.228251735685E-12,-1.607994783085E-12,-1.));
#2966=DIRECTION('',(-0.514495755426791,0.,0.857492925712985));
#2967=DIRECTION('',(0.,1.,0.));
#2968=DIRECTION('',(1.571071775075E-11,1.,1.439814451226E-12));
#2969=DIRECTION('',(0.,-1.,0.));
#2970=DIRECTION('',(0.,0.,-1.));
#2971=DIRECTION('',(0.,-1.,0.));
#2972=DIRECTION('',(0.,1.,0.));
#2973=DIRECTION('',(1.,0.,3.981666015414E-9));
#2974=DIRECTION('',(0.,1.,0.));
#2975=DIRECTION('',(0.,-1.,0.));
#2976=DIRECTION('',(0.745355992499994,0.,-0.666666666666595));
#2977=DIRECTION('',(0.,0.,1.));
#2978=DIRECTION('',(0.,-1.,0.));
#2979=DIRECTION('',(-1.,0.,0.));
#2980=DIRECTION('',(0.,-1.,1.167288488045E-11));
#2981=DIRECTION('',(-1.,0.,0.));
#2982=DIRECTION('',(0.,1.,-1.167288488045E-11));
#2983=DIRECTION('',(1.,0.,0.));
#2984=DIRECTION('',(0.,0.,-1.));
#2985=DIRECTION('',(0.,-0.384615384565915,-0.923076923097536));
#2986=DIRECTION('',(1.408006655445E-10,-8.798296941178E-12,1.));
#2987=DIRECTION('',(0.,-0.99999999941415,-3.42301094399417E-5));
#2988=DIRECTION('',(-1.408022147401E-10,-3.33962429886E-12,-1.));
#2989=DIRECTION('',(0.,-0.3846153845984,0.923076923084));
#2990=DIRECTION('',(0.,0.923076923076914,0.384615384615406));
#2991=DIRECTION('',(-1.,0.,0.));
#2992=DIRECTION('',(1.,0.,0.));
#2993=DIRECTION('',(0.,0.3846153845984,-0.923076923084));
#2994=DIRECTION('',(0.,1.,0.));
#2995=DIRECTION('',(1.,0.,0.));
#2996=DIRECTION('',(0.,1.,0.));
#2997=DIRECTION('',(0.999999994727169,0.,0.000102692074691297));
#2998=DIRECTION('',(1.,0.,-9.113345297313E-14));
#2999=DIRECTION('',(0.,3.33955086052E-12,1.));
#3000=DIRECTION('',(1.,0.,0.));
#3001=DIRECTION('',(0.,0.,-1.));
#3002=DIRECTION('',(0.,8.798200270195E-12,-1.));
#3003=DIRECTION('',(0.,0.384615384565915,0.923076923097536));
#3004=DIRECTION('',(0.,0.923076923078,-0.3846153846128));
#3005=DIRECTION('',(1.,0.,0.));
#3006=DIRECTION('',(-1.,0.,0.));
#3007=DIRECTION('',(0.,1.,0.));
#3008=DIRECTION('',(0.,0.,-1.));
#3009=DIRECTION('',(-1.,0.,9.113345297313E-14));
#3010=DIRECTION('',(0.,-1.,0.));
#3011=DIRECTION('',(0.974996043043597,0.,-0.222222222222099));
#3012=DIRECTION('',(0.,-1.,0.));
#3013=DIRECTION('',(0.,0.,-1.));
#3014=DIRECTION('',(0.,1.,0.));
#3015=DIRECTION('',(0.,-1.,0.));
#3016=DIRECTION('',(0.,0.,-1.));
#3017=DIRECTION('',(0.,-1.,0.));
#3018=DIRECTION('',(0.,1.,0.));
#3019=DIRECTION('',(1.,0.,3.981667403193E-9));
#3020=DIRECTION('',(0.,1.,0.));
#3021=DIRECTION('',(0.,-1.,0.));
#3022=DIRECTION('',(0.745355992501411,0.,-0.66666666666501));
#3023=DIRECTION('',(0.,0.,1.));
#3024=DIRECTION('',(0.,-1.,0.));
#3025=DIRECTION('',(-1.,0.,0.));
#3026=DIRECTION('',(0.,-1.,1.175615160714E-11));
#3027=DIRECTION('',(-1.,0.,0.));
#3028=DIRECTION('',(0.,1.,-1.175615160714E-11));
#3029=DIRECTION('',(1.,0.,0.));
#3030=DIRECTION('',(0.,0.,-1.));
#3031=DIRECTION('',(0.,-0.384615384569103,-0.923076923096207));
#3032=DIRECTION('',(1.408603010368E-10,-8.688542259036E-12,1.));
#3033=DIRECTION('',(0.,-0.99999999941415,-3.42301094327317E-5));
#3034=DIRECTION('',(-1.408615336745E-10,-4.091142860503E-12,-1.));
#3035=DIRECTION('',(0.,-0.384615384595212,0.923076923085328));
#3036=DIRECTION('',(0.,0.923076923077121,0.384615384614909));
#3037=DIRECTION('',(-1.,0.,0.));
#3038=DIRECTION('',(1.,0.,0.));
#3039=DIRECTION('',(0.,0.384615384595212,-0.923076923085328));
#3040=DIRECTION('',(0.,1.,0.));
#3041=DIRECTION('',(1.,0.,0.));
#3042=DIRECTION('',(0.,1.,0.));
#3043=DIRECTION('',(0.999999994727167,0.,0.000102692089483397));
#3044=DIRECTION('',(1.,0.,0.));
#3045=DIRECTION('',(0.,4.090973594619E-12,1.));
#3046=DIRECTION('',(1.,0.,0.));
#3047=DIRECTION('',(0.,0.,-1.));
#3048=DIRECTION('',(0.,8.688456706671E-12,-1.));
#3049=DIRECTION('',(0.,0.384615384569103,0.923076923096207));
#3050=DIRECTION('',(0.,0.923076923076965,-0.384615384615285));
#3051=DIRECTION('',(1.,0.,0.));
#3052=DIRECTION('',(-1.,0.,0.));
#3053=DIRECTION('',(0.,1.,0.));
#3054=DIRECTION('',(0.,0.,-1.));
#3055=DIRECTION('',(-1.,0.,0.));
#3056=DIRECTION('',(0.,-1.,0.));
#3057=DIRECTION('',(0.974996043043689,0.,-0.222222222221697));
#3058=DIRECTION('',(0.,-1.,0.));
#3059=DIRECTION('',(0.,0.,-1.));
#3060=DIRECTION('',(0.,1.,0.));
#3061=DIRECTION('',(0.,0.,1.));
#3062=DIRECTION('',(1.,0.,0.));
#3063=DIRECTION('',(0.,0.,1.));
#3064=DIRECTION('',(-1.,-2.399230443947E-9,0.));
#3065=DIRECTION('',(0.,0.,-1.));
#3066=DIRECTION('',(0.,0.,-1.));
#3067=DIRECTION('',(0.438371145733905,-0.898794046813809,0.));
#3068=DIRECTION('',(0.,0.,1.));
#3069=DIRECTION('',(0.906307787036508,0.422618261741004,0.));
#3070=DIRECTION('',(0.422618261741004,-0.906307787036508,0.));
#3071=DIRECTION('',(-0.422618261741491,0.906307787036281,0.));
#3072=DIRECTION('',(0.,0.,-1.));
#3073=DIRECTION('',(0.422618261741491,-0.906307787036281,7.76845330425384E-10));
#3074=DIRECTION('',(0.,0.,1.));
#3075=DIRECTION('',(0.,0.,1.));
#3076=DIRECTION('',(1.,0.,0.));
#3077=DIRECTION('',(0.,0.,-1.));
#3078=DIRECTION('',(-0.906307789717083,-0.422618255992492,0.));
#3079=DIRECTION('',(0.,0.,1.));
#3080=DIRECTION('',(3.001121573476E-10,1.,0.));
#3081=DIRECTION('',(0.,0.,-1.));
#3082=DIRECTION('',(0.,1.,0.));
#3083=DIRECTION('',(-1.,0.,0.));
#3084=DIRECTION('',(-1.,-1.777160205006E-12,0.));
#3085=DIRECTION('',(0.,0.,1.));
#3086=DIRECTION('',(1.,1.775477288145E-12,0.));
#3087=DIRECTION('',(0.,0.,1.));
#3088=DIRECTION('',(0.,1.,0.));
#3089=DIRECTION('',(0.,0.,-1.));
#3090=DIRECTION('',(1.,0.,0.));
#3091=DIRECTION('',(-0.422618261724907,-0.906307787044014,0.));
#3092=DIRECTION('',(1.,2.662561529232E-12,0.));
#3093=DIRECTION('',(0.,0.,1.));
#3094=DIRECTION('',(1.,0.,0.));
#3095=DIRECTION('',(0.,0.,1.));
#3096=DIRECTION('',(0.906307788860005,-0.422618257830502,0.));
#3097=DIRECTION('',(0.,0.,-1.));
#3098=DIRECTION('',(0.906307787041311,-0.422618261730705,0.));
#3099=DIRECTION('',(0.422618261730705,0.906307787041311,0.));
#3100=DIRECTION('',(0.422618261724907,0.906307787044014,-7.76843398888712E-10));
#3101=DIRECTION('',(0.,0.,1.));
#3102=DIRECTION('',(0.,1.,0.));
#3103=DIRECTION('',(0.,0.,1.));
#3104=DIRECTION('',(-1.,0.,-1.06581410364E-13));
#3105=DIRECTION('',(-0.324324324324107,0.,-0.94594594594602));
#3106=DIRECTION('',(1.,0.,-1.15463194561E-14));
#3107=DIRECTION('',(-0.331906211594899,0.,0.943312390835996));
#3108=DIRECTION('',(-1.,0.,-4.436712435421E-12));
#3109=DIRECTION('',(0.,0.,1.));
#3110=DIRECTION('',(1.,4.744591816216E-13,0.));
#3111=DIRECTION('',(1.,-2.535803326207E-13,0.));
#3112=DIRECTION('',(0.,0.,-1.));
#3113=DIRECTION('',(0.,0.,1.));
#3114=DIRECTION('',(1.,0.,0.));
#3115=DIRECTION('',(0.,1.,-2.574537389711E-10));
#3116=DIRECTION('',(7.088610744216E-12,1.,-1.636991196209E-10));
#3117=DIRECTION('',(-0.898794046288519,-0.438371146810909,1.48673855250403E-10));
#3118=DIRECTION('',(-0.438371146791293,0.898794046298086,0.));
#3119=DIRECTION('',(-0.898794046298086,-0.438371146791293,0.));
#3120=DIRECTION('',(0.0222154331059204,0.0108351906985102,-0.999694489919017));
#3121=DIRECTION('',(0.8987940462974,0.4383711467927,-3.701102803467E-10));
#3122=DIRECTION('',(0.913545457642419,0.,0.406736643076208));
#3123=DIRECTION('',(0.406736643076208,0.,-0.913545457642419));
#3124=DIRECTION('',(0.,1.,0.));
#3125=DIRECTION('',(0.406736643078583,0.,-0.913545457641362));
#3126=DIRECTION('',(-6.676326158583E-13,-1.,1.82187598341E-12));
#3127=DIRECTION('',(0.406736643078787,0.,-0.913545457641271));
#3128=DIRECTION('',(0.,1.,0.));
#3129=DIRECTION('',(0.,0.,1.));
#3130=DIRECTION('',(0.,-1.,0.));
#3131=DIRECTION('',(-1.,0.,0.));
#3132=DIRECTION('',(0.,1.,0.));
#3133=DIRECTION('',(0.,1.,0.));
#3134=DIRECTION('',(-0.913545457555603,0.,-0.406736643271201));
#3135=DIRECTION('',(0.,1.,0.));
#3136=DIRECTION('',(0.,0.,-1.));
#3137=DIRECTION('',(-0.0222167372853501,0.,0.999753177831606));
#3138=DIRECTION('',(-1.,0.,0.));
#3139=DIRECTION('',(0.,0.,-1.));
#3140=DIRECTION('',(1.,0.,0.));
#3141=DIRECTION('',(0.,0.,-1.));
#3142=DIRECTION('',(0.,-1.,0.));
#3143=DIRECTION('',(0.,0.,1.));
#3144=DIRECTION('',(0.,1.,0.));
#3145=DIRECTION('',(0.406736643076784,0.,-0.913545457642163));
#3146=DIRECTION('',(1.,0.,2.62395633658E-14));
#3147=DIRECTION('',(0.02221673728565,0.,-0.999753177831599));
#3148=DIRECTION('',(0.999753177831609,0.,0.0222167372851802));
#3149=DIRECTION('',(0.,1.,0.));
#3150=DIRECTION('',(1.1988541001E-11,1.,-1.399503565989E-12));
#3151=DIRECTION('',(0.0222154331000894,-0.0108351906961697,-0.999694489919172));
#3152=DIRECTION('',(-4.323939203558E-14,1.,0.));
#3153=DIRECTION('',(-7.932191918315E-13,1.,0.));
#3154=DIRECTION('',(0.,0.,1.));
#3155=DIRECTION('',(1.,0.,0.));
#3156=DIRECTION('',(0.,0.,1.));
#3157=DIRECTION('',(0.438371143426181,0.898794047939361,0.));
#3158=DIRECTION('',(0.,-1.,-1.228396277236E-10));
#3159=DIRECTION('',(-0.898794046298968,0.438371146789485,0.));
#3160=DIRECTION('',(0.,0.,-1.));
#3161=DIRECTION('',(-1.,0.,0.));
#3162=DIRECTION('',(0.,0.,-1.));
#3163=DIRECTION('',(-1.,-7.875181988009E-13,0.));
#3164=DIRECTION('',(0.,0.,1.));
#3165=DIRECTION('',(0.,0.,-1.));
#3166=DIRECTION('',(0.438371146789605,0.89879404629891,0.));
#3167=DIRECTION('',(0.89879404629891,-0.438371146789605,0.));
#3168=DIRECTION('',(0.898794046288578,-0.438371146810789,-2.62047707347293E-10));
#3169=DIRECTION('',(0.,0.,1.));
#3170=DIRECTION('',(1.,0.,0.));
#3171=DIRECTION('',(0.,0.,1.));
#3172=DIRECTION('',(-1.,-2.853154749498E-10,0.));
#3173=DIRECTION('',(0.,0.,-1.));
#3174=DIRECTION('',(0.,0.,-1.));
#3175=DIRECTION('',(0.438371145856788,-0.898794046753875,0.));
#3176=DIRECTION('',(0.,0.,1.));
#3177=DIRECTION('',(0.,0.,1.));
#3178=DIRECTION('',(1.,0.,0.));
#3179=DIRECTION('',(-5.909162048623E-12,1.,-7.118488805016E-14));
#3180=DIRECTION('',(-0.898794046283598,-0.438371146820999,-1.688877198647E-10));
#3181=DIRECTION('',(-2.808533626219E-13,-1.,-1.776824519308E-10));
#3182=DIRECTION('',(-0.438371146789083,0.898794046299164,0.));
#3183=DIRECTION('',(-0.898794046299164,-0.438371146789083,0.));
#3184=DIRECTION('',(0.0222154331022498,0.0108351906992899,-0.99969448991909));
#3185=DIRECTION('',(0.898794046299263,0.438371146788882,-3.70110280352685E-10));
#3186=DIRECTION('',(1.,0.,0.));
#3187=DIRECTION('',(0.,0.,-1.));
#3188=DIRECTION('',(0.,-1.,0.));
#3189=DIRECTION('',(0.,0.,1.));
#3190=DIRECTION('',(0.,1.,0.));
#3191=DIRECTION('',(0.,0.,-1.));
#3192=DIRECTION('',(0.,1.,0.));
#3193=DIRECTION('',(0.406736643075921,0.,-0.913545457642547));
#3194=DIRECTION('',(1.,0.,2.533475083591E-14));
#3195=DIRECTION('',(0.0222167372853501,0.,-0.999753177831606));
#3196=DIRECTION('',(0.406736643078379,0.,-0.913545457641453));
#3197=DIRECTION('',(0.,1.,0.));
#3198=DIRECTION('',(-0.913545457563032,0.,-0.406736643254514));
#3199=DIRECTION('',(0.913545457642729,0.,0.406736643075513));
#3200=DIRECTION('',(0.406736643075513,0.,-0.913545457642729));
#3201=DIRECTION('',(0.,1.,0.));
#3202=DIRECTION('',(0.406736643078212,0.,-0.913545457641527));
#3203=DIRECTION('',(-4.222178162649E-13,-1.,1.152189454956E-12));
#3204=DIRECTION('',(0.,1.,0.));
#3205=DIRECTION('',(0.,0.,1.));
#3206=DIRECTION('',(0.,-1.,0.));
#3207=DIRECTION('',(-1.,0.,0.));
#3208=DIRECTION('',(0.,1.,0.));
#3209=DIRECTION('',(0.,0.,-1.));
#3210=DIRECTION('',(-0.0222167372853501,0.,0.999753177831606));
#3211=DIRECTION('',(1.,0.,0.));
#3212=DIRECTION('',(0.,0.,-1.));
#3213=DIRECTION('',(-1.,0.,0.));
#3214=DIRECTION('',(0.,0.,-1.));
#3215=DIRECTION('',(-1.,5.531575197894E-11,0.));
#3216=DIRECTION('',(0.,0.,1.));
#3217=DIRECTION('',(0.,0.,1.));
#3218=DIRECTION('',(0.438371144816282,0.898794047261363,0.));
#3219=DIRECTION('',(0.,0.,-1.));
#3220=DIRECTION('',(0.438371146789323,0.898794046299047,0.));
#3221=DIRECTION('',(0.898794046299047,-0.438371146789323,0.));
#3222=DIRECTION('',(-0.898794046297008,0.438371146793504,0.));
#3223=DIRECTION('',(0.0222154331016306,-0.0108351906973103,-0.999694489919125));
#3224=DIRECTION('',(0.89879404628595,-0.438371146816176,1.67568658161491E-10));
#3225=DIRECTION('',(0.,0.,1.));
#3226=DIRECTION('',(1.,0.,0.));
#3227=DIRECTION('',(0.,-1.,-1.228396276792E-10));
#3228=DIRECTION('',(4.577411501726E-13,-1.,0.));
#3229=DIRECTION('',(-6.645660253686E-14,-1.,0.));
#3230=DIRECTION('',(0.99975317783161,0.,0.0222167372851602));
#3231=DIRECTION('',(0.,1.,0.));
#3232=DIRECTION('',(1.187160442628E-12,1.,4.353734403064E-13));
#3233=DIRECTION('',(0.943312390837297,0.,0.331906211591199));
#3234=DIRECTION('',(0.331906211591199,0.,-0.943312390837297));
#3235=DIRECTION('',(0.,1.,0.));
#3236=DIRECTION('',(0.331906211601403,0.,-0.943312390833707));
#3237=DIRECTION('',(-3.326097567336E-12,1.,1.587788724045E-10));
#3238=DIRECTION('',(0.,0.,1.));
#3239=DIRECTION('',(1.,0.,0.));
#3240=DIRECTION('',(1.,0.,1.209072058211E-11));
#3241=DIRECTION('',(5.538626119619E-13,-1.,0.));
#3242=DIRECTION('',(1.,0.,0.));
#3243=DIRECTION('',(0.,0.,-1.));
#3244=DIRECTION('',(0.,0.,-1.));
#3245=DIRECTION('',(0.,-1.,0.));
#3246=DIRECTION('',(0.,0.,-1.));
#3247=DIRECTION('',(-1.,0.,0.));
#3248=DIRECTION('',(0.,0.,-1.));
#3249=DIRECTION('',(0.,0.,1.));
#3250=DIRECTION('',(0.906307789225082,-0.422618257047592,0.));
#3251=DIRECTION('',(0.,0.,1.));
#3252=DIRECTION('',(0.,0.,-1.));
#3253=DIRECTION('',(-4.10003142548E-10,1.,0.));
#3254=DIRECTION('',(0.,1.,0.));
#3255=DIRECTION('',(1.,0.,0.));
#3256=DIRECTION('',(1.,0.,0.));
#3257=DIRECTION('',(0.,0.,1.));
#3258=DIRECTION('',(-1.,0.,0.));
#3259=DIRECTION('',(0.,0.,-1.));
#3260=DIRECTION('',(-1.,0.,0.));
#3261=DIRECTION('',(0.,0.,-1.));
#3262=DIRECTION('',(-0.906307791950145,-0.422618251203675,0.));
#3263=DIRECTION('',(0.,0.,-1.));
#3264=DIRECTION('',(0.,0.,1.));
#3265=DIRECTION('',(1.358757550918E-10,1.,0.));
#3266=DIRECTION('',(0.906307787035865,0.422618261742384,0.));
#3267=DIRECTION('',(-0.422618261742384,0.906307787035865,0.));
#3268=DIRECTION('',(0.,0.,1.));
#3269=DIRECTION('',(0.422618261739098,-0.906307787037397,0.));
#3270=DIRECTION('',(-0.422618261739098,0.906307787037397,7.78391808099697E-10));
#3271=DIRECTION('',(0.,0.,1.));
#3272=DIRECTION('',(0.,1.,0.));
#3273=DIRECTION('',(-1.,2.365712564148E-11,0.));
#3274=DIRECTION('',(0.422618261747815,0.906307787033332,0.));
#3275=DIRECTION('',(0.906307787041311,-0.422618261730705,0.));
#3276=DIRECTION('',(-0.422618261730705,-0.90630778704131,0.));
#3277=DIRECTION('',(0.,0.,-1.));
#3278=DIRECTION('',(-0.422618261747815,-0.906307787033332,-7.78391810687327E-10));
#3279=DIRECTION('',(0.,0.,1.));
#3280=DIRECTION('',(-1.,0.,0.));
#3281=DIRECTION('',(0.,1.,0.));
#3282=DIRECTION('',(1.,3.249586979445E-12,0.));
#3283=DIRECTION('',(1.,1.316158158616E-12,0.));
#3284=DIRECTION('',(1.,0.,0.));
#3285=DIRECTION('',(0.,0.,1.));
#3286=DIRECTION('',(0.,1.,0.));
#3287=DIRECTION('',(0.,0.,1.));
#3288=DIRECTION('',(0.,0.,1.));
#3289=DIRECTION('',(1.,0.,0.));
#3290=DIRECTION('',(0.,1.,0.));
#3291=DIRECTION('',(1.,0.,1.06581410364E-13));
#3292=DIRECTION('',(0.94594594594602,0.,-0.324324324324107));
#3293=DIRECTION('',(0.324324324324107,0.,0.94594594594602));
#3294=DIRECTION('',(0.324324324324107,0.,0.94594594594602));
#3295=DIRECTION('',(0.,-1.,0.));
#3296=DIRECTION('',(0.,1.,0.));
#3297=DIRECTION('',(-1.,0.,0.));
#3298=DIRECTION('',(-1.,0.,1.15463194561E-14));
#3299=DIRECTION('',(0.,0.,1.));
#3300=DIRECTION('',(1.,0.,0.));
#3301=DIRECTION('',(0.,0.,1.));
#3302=DIRECTION('',(-1.,0.,0.));
#3303=DIRECTION('',(0.,0.,-1.));
#3304=DIRECTION('',(-1.,0.,0.));
#3305=DIRECTION('',(0.,0.,-1.));
#3306=DIRECTION('',(1.,0.,0.));
#3307=DIRECTION('',(-1.015057323024E-14,1.522585984536E-14,1.));
#3308=DIRECTION('',(-1.,0.,-1.015021972756E-14));
#3309=DIRECTION('',(0.,1.015064779175E-14,1.));
#3310=DIRECTION('',(1.,0.,0.));
#3311=DIRECTION('',(0.,0.,-1.));
#3312=DIRECTION('',(0.,1.,0.));
#3313=DIRECTION('',(0.,0.,-1.));
#3314=DIRECTION('',(1.,0.,0.));
#3315=DIRECTION('',(0.,0.,-1.));
#3316=DIRECTION('',(-1.,0.,0.));
#3317=DIRECTION('',(0.,0.,1.));
#3318=DIRECTION('',(1.,0.,0.));
#3319=DIRECTION('',(0.,1.,0.));
#3320=DIRECTION('',(-1.,0.,0.));
#3321=DIRECTION('',(0.,1.,0.));
#3322=DIRECTION('',(0.993810322775022,0.,-0.111090244152248));
#3323=DIRECTION('',(1.,0.,0.));
#3324=DIRECTION('',(0.,1.,0.));
#3325=DIRECTION('',(-0.993785236177231,0.,-0.111314439118047));
#3326=DIRECTION('',(1.,0.,0.));
#3327=DIRECTION('',(0.,0.,1.));
#3328=DIRECTION('',(-1.,0.,0.));
#3329=DIRECTION('',(0.,0.,-1.));
#3330=DIRECTION('',(0.975956440483515,0.217965653897003,0.));
#3331=DIRECTION('',(0.,0.,-1.));
#3332=DIRECTION('',(-1.,0.,0.));
#3333=DIRECTION('',(0.,0.,1.));
#3334=DIRECTION('',(1.,0.,0.));
#3335=DIRECTION('',(0.,0.,-1.));
#3336=DIRECTION('',(-0.973856651243541,0.227163427577409,-1.07606215530404E-14));
#3337=DIRECTION('',(0.,0.,1.));
#3338=DIRECTION('',(0.977387523406991,0.211455974350098,0.));
#3339=DIRECTION('',(0.,0.,-1.));
#3340=DIRECTION('',(-0.96935732428542,0.245654997617005,-1.09092733787402E-14));
#3341=DIRECTION('',(0.,0.,1.));
#3342=DIRECTION('',(-1.,0.,0.));
#3343=CARTESIAN_POINT('',(0.,0.,0.));
#3344=CARTESIAN_POINT('',(5.081155433888,3.43103654533,-7.800099838609));
#3345=CARTESIAN_POINT('',(3.850000000003,3.70669291339,-7.800099838609));
#3346=CARTESIAN_POINT('',(2.66619669818936,3.40669291339,-7.800099838609));
#3347=CARTESIAN_POINT('',(4.96531715834367,3.20807602707429,-7.80009908585494));
#3348=CARTESIAN_POINT('',(5.033803301815,3.40669291339,-7.800099838609));
#3349=CARTESIAN_POINT('',(5.033803301815,3.40669291339,-7.800099838609));
#3350=CARTESIAN_POINT('',(4.965317799484,3.208077458985,-7.800099085855));
#3351=CARTESIAN_POINT('',(4.974428440762,3.228401816491,-7.800099085855));
#3352=CARTESIAN_POINT('',(4.991649886684,3.270213172781,-7.800100189894));
#3353=CARTESIAN_POINT('',(5.014557001501,3.336414828558,-7.800099738242));
#3354=CARTESIAN_POINT('',(5.02772942448,3.382878969131,-7.800099838609));
#3355=CARTESIAN_POINT('',(5.033803301815,3.40669291339,-7.800099838609));
#3356=CARTESIAN_POINT('',(3.850000000003,3.70669291339,-7.700099838609));
#3357=CARTESIAN_POINT('',(5.1361092936052,3.40669291339,-7.71094458962605));
#3358=CARTESIAN_POINT('',(5.13054804034599,3.40669291339,-7.76059000482251));
#3359=CARTESIAN_POINT('',(5.08371984449812,3.40669291339,-7.80009983861054));
#3360=CARTESIAN_POINT('',(5.033803301815,3.40669291339,-7.800099838609));
#3361=CARTESIAN_POINT('',(5.1361092936047,3.40669291339,-7.710944589626));
#3362=CARTESIAN_POINT('',(3.850000000003,3.70669291339,-7.710944589626));
#3363=CARTESIAN_POINT('',(2.56389070640078,3.40669291338991,-7.71094458962627));
#3364=CARTESIAN_POINT('',(2.666196698191,3.40669291339,-7.800099838609));
#3365=CARTESIAN_POINT('',(2.61624201900123,3.40669291339,-7.80009983861054));
#3366=CARTESIAN_POINT('',(2.56945662791553,3.40669291339,-7.76063167842731));
#3367=CARTESIAN_POINT('',(2.56389070640086,3.40669291339,-7.71094458962655));
#3368=CARTESIAN_POINT('',(2.452998206447,3.40669291339,-7.175756206803));
#3369=CARTESIAN_POINT('',(2266.97692180012,3.40669291339,245.927223183033));
#3370=CARTESIAN_POINT('',(2.50672904464655,3.40669291339,-7.20009983860899));
#3371=CARTESIAN_POINT('',(5.193270955359,3.40669291339,-7.200099838609));
#3372=CARTESIAN_POINT('',(5.19327095535961,3.40669291339,-7.20009983860897));
#3373=CARTESIAN_POINT('',(-2259.27690160541,3.40669291339,245.927220923809));
#3374=CARTESIAN_POINT('',(5.081155433886,-0.06896345467053,-7.80009983861));
#3375=CARTESIAN_POINT('',(3.850000000002,0.20669291339,-7.80009983861));
#3376=CARTESIAN_POINT('',(2.66619669818991,-0.09330708661,-7.80009983861));
#3377=CARTESIAN_POINT('',(4.96531591295331,-0.29192685270564,-7.8000990857647));
#3378=CARTESIAN_POINT('',(5.033803301814,-0.09330708661001,-7.80009983861));
#3379=CARTESIAN_POINT('',(5.033803301814,-0.09330708661001,-7.80009983861));
#3380=CARTESIAN_POINT('',(4.965317799486,-0.2919225410086,-7.800099085856));
#3381=CARTESIAN_POINT('',(4.974428440763,-0.2715981835026,-7.800099085856));
#3382=CARTESIAN_POINT('',(4.991649886685,-0.2297868272143,-7.800100189895));
#3383=CARTESIAN_POINT('',(5.014557001501,-0.1635851714401,-7.800099738243));
#3384=CARTESIAN_POINT('',(5.027729424479,-0.1171210308685,-7.80009983861));
#3385=CARTESIAN_POINT('',(5.033803301814,-0.09330708661001,-7.80009983861));
#3386=CARTESIAN_POINT('',(3.850000000002,0.20669291339,-7.70009983861));
#3387=CARTESIAN_POINT('',(5.1361092936011,-0.09330708661,-7.71094458962717));
#3388=CARTESIAN_POINT('',(5.13054804034195,-0.09330708661,-7.76059000482258));
#3389=CARTESIAN_POINT('',(5.08371984449607,-0.09330708661,-7.80009983861008));
#3390=CARTESIAN_POINT('',(5.033803301814,-0.09330708661,-7.80009983861));
#3391=CARTESIAN_POINT('',(5.13610929360109,-0.09330708661,-7.71094458962718));
#3392=CARTESIAN_POINT('',(3.850000000002,0.20669291339,-7.710944589627));
#3393=CARTESIAN_POINT('',(2.56389070640281,-0.0933070866100113,-7.71094458962699));
#3394=CARTESIAN_POINT('',(2.66619669819,-0.09330708661,-7.80009983861));
#3395=CARTESIAN_POINT('',(2.61624201900065,-0.09330708661,-7.80009983861008));
#3396=CARTESIAN_POINT('',(2.56945662791722,-0.09330708661,-7.76063167842737));
#3397=CARTESIAN_POINT('',(2.56389070640288,-0.09330708661,-7.71094458962699));
#3398=CARTESIAN_POINT('',(2.452998206446,-0.09330708661,-7.175756206804));
#3399=CARTESIAN_POINT('',(2266.97677137153,-0.09330708661,245.927206360081));
#3400=CARTESIAN_POINT('',(2.50672904464544,-0.09330708661,-7.20009983861));
#3401=CARTESIAN_POINT('',(5.193270955358,-0.09330708661,-7.20009983861));
#3402=CARTESIAN_POINT('',(5.19327095535865,-0.09330708661,-7.20009983860997));
#3403=CARTESIAN_POINT('',(-2259.27678765084,-0.09330708661,245.927208181882));
#3404=CARTESIAN_POINT('',(5.081155433886,1.454079173766,-7.80009983861));
#3405=CARTESIAN_POINT('',(2.66619669819,0.50669291339,-7.80009983861));
#3406=CARTESIAN_POINT('',(2.66619669818991,0.50669291339,-7.80009983861));
#3407=CARTESIAN_POINT('',(5.03380330181409,0.506692913389984,-7.80009983861));
#3408=CARTESIAN_POINT('',(3.850000000002,0.20669291339,-7.80009983861));
#3409=CARTESIAN_POINT('',(3.850000000002,0.20669291339,-7.70009983861));
#3410=CARTESIAN_POINT('',(5.033803301814,0.50669291339,-7.80009983860999));
#3411=CARTESIAN_POINT('',(5.08375798100236,0.50669291339,-7.80009983861007));
#3412=CARTESIAN_POINT('',(5.13054337208503,0.50669291339,-7.76063167842917));
#3413=CARTESIAN_POINT('',(5.13610929360078,0.50669291339,-7.71094458962996));
#3414=CARTESIAN_POINT('',(5.13610929360102,0.506692913390015,-7.71094458962998));
#3415=CARTESIAN_POINT('',(2.56389070640322,0.50669291339,-7.71094458962997));
#3416=CARTESIAN_POINT('',(2.5694519596637,0.50669291339,-7.76059000482425));
#3417=CARTESIAN_POINT('',(2.61628015550891,0.50669291339,-7.80009983861008));
#3418=CARTESIAN_POINT('',(2.66619669819,0.50669291339,-7.80009983860999));
#3419=CARTESIAN_POINT('',(2.5638907064032,0.50669291339,-7.71094458962999));
#3420=CARTESIAN_POINT('',(3.850000000002,0.20669291339,-7.71094458963));
#3421=CARTESIAN_POINT('',(5.247001793525,0.50669291339,-7.82444347055));
#3422=CARTESIAN_POINT('',(-2259.27676009741,0.50669291339,245.927205097165));
#3423=CARTESIAN_POINT('',(5.1932709553585,0.50669291339,-7.20009983860999));
#3424=CARTESIAN_POINT('',(2.506729044646,0.50669291339,-7.20009983861));
#3425=CARTESIAN_POINT('',(2.50672904464558,0.50669291339,-7.20009983860994));
#3426=CARTESIAN_POINT('',(2266.97679389335,0.50669291339,245.927208878735));
#3427=CARTESIAN_POINT('',(5.281417869471,0.5310365455766,-7.20009983861));
#3428=CARTESIAN_POINT('',(3.850000000002,0.20669291339,-7.20009983861));
#3429=CARTESIAN_POINT('',(3.850000000002,0.20669291339,-7.20009983861));
#3430=CARTESIAN_POINT('',(3.850000000002,0.20669291339,-7.430472294814));
#3431=CARTESIAN_POINT('',(3.850000000002,0.20669291339,-7.149999999999));
#3432=CARTESIAN_POINT('',(5.231829073305,0.20669291339,-7.149999999999));
#3433=CARTESIAN_POINT('',(1.952539512658,-5.578790272058,-7.149999999999));
#3434=CARTESIAN_POINT('',(3.799999999998,0.206692913386,-7.149999999999));
#3435=CARTESIAN_POINT('',(5.274999999998,0.206692913386,-7.149999999999));
#3436=CARTESIAN_POINT('',(3.799999999998,0.206692913386,-6.9));
#3437=CARTESIAN_POINT('',(3.799999999998,0.206692913386,-8.1));
#3438=CARTESIAN_POINT('',(5.274999999998,0.206692913386,-8.1));
#3439=CARTESIAN_POINT('',(3.799999999998,0.206692913386,-8.275));
#3440=CARTESIAN_POINT('',(3.799999999998,0.206692913386,-8.45));
#3441=CARTESIAN_POINT('',(5.274999999998,0.206692913386,-8.45));
#3442=CARTESIAN_POINT('',(3.799999999998,0.206692913386,-8.45));
#3443=CARTESIAN_POINT('',(3.799999999998,0.206692913386,-8.599999999999));
#3444=CARTESIAN_POINT('',(5.274999999998,0.206692913386,-8.599999999999));
#3445=CARTESIAN_POINT('',(6.425656367936,4.55669291339,-1.365999999955));
#3446=CARTESIAN_POINT('',(6.449999999999,4.55669291339,-3.099999999999));
#3447=CARTESIAN_POINT('',(6.449999999999,4.55669291339,-3.099999999999));
#3448=CARTESIAN_POINT('',(6.449999999999,4.55669291339,-1.399999999999));
#3449=CARTESIAN_POINT('',(6.850000000025,4.556692913392,-3.100000000017));
#3450=CARTESIAN_POINT('',(6.850000000025,4.556692913392,-3.100000000017));
#3451=CARTESIAN_POINT('',(6.850000000025,4.556692913392,-3.100000000017));
#3452=CARTESIAN_POINT('',(6.850000000058,4.556692913406,-1.399999999977));
#3453=CARTESIAN_POINT('',(6.850000000058,4.556692913406,-1.399999999977));
#3454=CARTESIAN_POINT('',(6.874343632199,2.822692913341,-1.399999999999));
#3455=CARTESIAN_POINT('',(6.850000000106,2.856692913346,-1.399999999969));
#3456=CARTESIAN_POINT('',(6.850000000106,2.856692913346,-1.399999999969));
#3457=CARTESIAN_POINT('',(6.449999999999,2.856692913386,-1.399999999999));
#3458=CARTESIAN_POINT('',(6.449999999999,4.55669291339,-1.399999999999));
#3459=CARTESIAN_POINT('',(6.850000000058,4.556692913406,-1.399999999977));
#3460=CARTESIAN_POINT('',(6.449999999999,4.59069291326,-1.366000000062));
#3461=CARTESIAN_POINT('',(6.449999999999,4.55669291339,-3.099999999999));
#3462=CARTESIAN_POINT('',(6.449999999999,2.856692913386,-3.099999999999));
#3463=CARTESIAN_POINT('',(6.449999999999,2.856692913386,-1.399999999999));
#3464=CARTESIAN_POINT('',(6.425656367936,4.59069291318,-3.099999999999));
#3465=CARTESIAN_POINT('',(6.449999999999,2.856692913386,-3.099999999999));
#3466=CARTESIAN_POINT('',(6.850000000073,2.85669291337,-3.100000000088));
#3467=CARTESIAN_POINT('',(6.850000000025,4.556692913392,-3.100000000017));
#3468=CARTESIAN_POINT('',(6.874343632074,2.856692913386,-3.134000000102));
#3469=CARTESIAN_POINT('',(6.850000000106,2.856692913346,-1.399999999969));
#3470=CARTESIAN_POINT('',(6.829125507911,2.869217608639,-4.567999999966));
#3471=CARTESIAN_POINT('',(6.850000000073,2.85669291337,-3.100000000088));
#3472=CARTESIAN_POINT('',(7.349999999981,2.556692913401,-4.499999999913));
#3473=CARTESIAN_POINT('',(6.850000000106,2.856692913346,-1.399999999969));
#3474=CARTESIAN_POINT('',(7.349999999994,2.556692913405,-1.099999999998));
#3475=CARTESIAN_POINT('',(7.349999999981,2.556692913401,-4.499999999913));
#3476=CARTESIAN_POINT('',(6.84000000003,4.90269291367,-3.072000000086));
#3477=CARTESIAN_POINT('',(7.350000000016,4.856692913423,-4.499999999977));
#3478=CARTESIAN_POINT('',(7.350000000016,4.856692913423,-4.499999999977));
#3479=CARTESIAN_POINT('',(7.350000000016,4.856692913423,-4.499999999977));
#3480=CARTESIAN_POINT('',(7.370874492283,4.86921760876,-1.032000000072));
#3481=CARTESIAN_POINT('',(6.850000000058,4.556692913406,-1.399999999977));
#3482=CARTESIAN_POINT('',(7.35000000003,4.856692913429,-1.099999999996));
#3483=CARTESIAN_POINT('',(7.35000000003,4.856692913429,-1.099999999996));
#3484=CARTESIAN_POINT('',(7.370874492214,2.510692913489,-1.087475304671));
#3485=CARTESIAN_POINT('',(7.349999999994,2.556692913405,-1.099999999998));
#3486=CARTESIAN_POINT('',(6.425656367934,1.056692913386,-1.365999999955));
#3487=CARTESIAN_POINT('',(6.449999999998,1.056692913386,-3.1));
#3488=CARTESIAN_POINT('',(6.449999999998,1.056692913386,-3.1));
#3489=CARTESIAN_POINT('',(6.449999999998,1.056692913386,-1.4));
#3490=CARTESIAN_POINT('',(6.850000000022,1.056692913388,-3.100000000017));
#3491=CARTESIAN_POINT('',(6.850000000022,1.056692913388,-3.100000000017));
#3492=CARTESIAN_POINT('',(6.850000000022,1.056692913388,-3.100000000017));
#3493=CARTESIAN_POINT('',(6.850000000055,1.056692913402,-1.399999999979));
#3494=CARTESIAN_POINT('',(6.850000000055,1.056692913402,-1.399999999979));
#3495=CARTESIAN_POINT('',(6.874343632196,-0.6773070866593,-1.4));
#3496=CARTESIAN_POINT('',(6.850000000104,-0.6433070866533,-1.39999999997));
#3497=CARTESIAN_POINT('',(6.850000000104,-0.6433070866533,-1.39999999997));
#3498=CARTESIAN_POINT('',(6.449999999998,-0.643307086614,-1.4));
#3499=CARTESIAN_POINT('',(6.449999999998,1.056692913386,-1.4));
#3500=CARTESIAN_POINT('',(6.850000000055,1.056692913402,-1.399999999979));
#3501=CARTESIAN_POINT('',(6.449999999998,1.090692913258,-1.366000000063));
#3502=CARTESIAN_POINT('',(6.449999999998,1.056692913386,-3.1));
#3503=CARTESIAN_POINT('',(6.449999999998,-0.643307086614,-3.1));
#3504=CARTESIAN_POINT('',(6.449999999998,-0.643307086614,-1.4));
#3505=CARTESIAN_POINT('',(6.425656367934,1.090692913181,-3.1));
#3506=CARTESIAN_POINT('',(6.449999999998,-0.643307086614,-3.1));
#3507=CARTESIAN_POINT('',(6.850000000071,-0.6433070866299,-3.100000000088));
#3508=CARTESIAN_POINT('',(6.850000000022,1.056692913388,-3.100000000017));
#3509=CARTESIAN_POINT('',(6.874343632072,-0.643307086614,-3.134000000101));
#3510=CARTESIAN_POINT('',(6.850000000104,-0.6433070866533,-1.39999999997));
#3511=CARTESIAN_POINT('',(6.82912550791,-0.630782391361,-4.567999999964));
#3512=CARTESIAN_POINT('',(6.850000000071,-0.6433070866299,-3.100000000088));
#3513=CARTESIAN_POINT('',(7.34999999998,-0.943307086599,-4.499999999914));
#3514=CARTESIAN_POINT('',(6.850000000104,-0.6433070866533,-1.39999999997));
#3515=CARTESIAN_POINT('',(7.349999999994,-0.9433070865954,-1.099999999998));
#3516=CARTESIAN_POINT('',(7.34999999998,-0.943307086599,-4.499999999914));
#3517=CARTESIAN_POINT('',(6.840000000028,1.402692913668,-3.072000000085));
#3518=CARTESIAN_POINT('',(7.350000000016,1.356692913421,-4.49999999998));
#3519=CARTESIAN_POINT('',(7.350000000016,1.356692913421,-4.49999999998));
#3520=CARTESIAN_POINT('',(7.350000000016,1.356692913421,-4.49999999998));
#3521=CARTESIAN_POINT('',(7.370874492281,1.369217608756,-1.032000000072));
#3522=CARTESIAN_POINT('',(6.850000000055,1.056692913402,-1.399999999979));
#3523=CARTESIAN_POINT('',(7.35000000003,1.356692913427,-1.099999999995));
#3524=CARTESIAN_POINT('',(7.35000000003,1.356692913427,-1.099999999995));
#3525=CARTESIAN_POINT('',(7.370874492212,-0.9893070865113,-1.087475304672));
#3526=CARTESIAN_POINT('',(7.349999999994,-0.9433070865954,-1.099999999998));
#3527=CARTESIAN_POINT('',(3.249999999999,4.15669291339,0.2000000000005));
#3528=CARTESIAN_POINT('',(3.473606797749,4.15669291339,5.17049366285E-13));
#3529=CARTESIAN_POINT('',(3.473606797749,4.15669291339,5.154487947578E-13));
#3530=CARTESIAN_POINT('',(3.473606797749,3.25669291339,5.154765503335E-13));
#3531=CARTESIAN_POINT('',(3.249999999999,3.25669291339,0.2000000000005));
#3532=CARTESIAN_POINT('',(3.549999999999,3.25669291339,0.200000001195));
#3533=CARTESIAN_POINT('',(3.549999999999,3.25669291339,0.2000000019913));
#3534=CARTESIAN_POINT('',(3.549999999999,4.15669291339,0.200000001195));
#3535=CARTESIAN_POINT('',(3.249999999999,4.15669291339,0.2000000000005));
#3536=CARTESIAN_POINT('',(3.525656368145,3.9310365456,3.600000000001));
#3537=CARTESIAN_POINT('',(4.149999999999,3.506692913374,3.599999999997));
#3538=CARTESIAN_POINT('',(4.149999999999,3.506692913374,3.599999999997));
#3539=CARTESIAN_POINT('',(3.549999999999,3.506692913374,3.599999999997));
#3540=CARTESIAN_POINT('',(4.149999999999,3.90669291339,3.599999999992));
#3541=CARTESIAN_POINT('',(4.149999999999,3.90669291339,3.599999999992));
#3542=CARTESIAN_POINT('',(4.149999999999,3.90669291339,3.599999999992));
#3543=CARTESIAN_POINT('',(3.549999999999,3.90669291339,3.599999999992));
#3544=CARTESIAN_POINT('',(3.549999999999,3.506692913374,3.599999999997));
#3545=CARTESIAN_POINT('',(4.149999999999,3.23234928142,3.66799999985));
#3546=CARTESIAN_POINT('',(4.149999999999,3.506692913374,3.599999999997));
#3547=CARTESIAN_POINT('',(4.149999999999,3.256692913365,2.999999999885));
#3548=CARTESIAN_POINT('',(4.149999999605,3.25669291339,0.2000307668944));
#3549=CARTESIAN_POINT('',(4.149999999999,3.25669291339,0.2000000015727));
#3550=CARTESIAN_POINT('',(4.149999999605,4.15669291339,0.2000615739929));
#3551=CARTESIAN_POINT('',(4.149999995254,4.15669291339,0.2000924228677));
#3552=CARTESIAN_POINT('',(4.149999999999,4.156692913399,2.999999999939));
#3553=CARTESIAN_POINT('',(4.149999999999,4.156692913399,2.999999999939));
#3554=CARTESIAN_POINT('',(4.149999999999,4.156692913399,2.999999999939));
#3555=CARTESIAN_POINT('',(4.174343632002,4.16605584878,2.977528955048));
#3556=CARTESIAN_POINT('',(3.549999999999,4.156692913399,2.999999999939));
#3557=CARTESIAN_POINT('',(3.549999999999,4.156692913399,2.999999999939));
#3558=CARTESIAN_POINT('',(3.549999999999,3.90669291339,3.599999999992));
#3559=CARTESIAN_POINT('',(3.44926316581,4.15669291339,3.059999999898));
#3560=CARTESIAN_POINT('',(3.249999999999,4.15669291339,0.2000000000005));
#3561=CARTESIAN_POINT('',(4.127496438739,4.15669291339,5.141442827039E-13));
#3562=CARTESIAN_POINT('',(3.473606797749,4.15669291339,5.17049366285E-13));
#3563=CARTESIAN_POINT('',(3.549999999999,4.15669291339,0.2000000019913));
#3564=CARTESIAN_POINT('',(3.549999999999,3.23234928142,3.667999999866));
#3565=CARTESIAN_POINT('',(3.549999999999,3.256692913365,2.999999999885));
#3566=CARTESIAN_POINT('',(3.549999999999,3.256692913365,2.999999999885));
#3567=CARTESIAN_POINT('',(3.549999999999,3.256692913365,2.999999999885));
#3568=CARTESIAN_POINT('',(3.525656368106,3.5160558487,3.622471044752));
#3569=CARTESIAN_POINT('',(4.149999999999,3.256692913365,2.999999999885));
#3570=CARTESIAN_POINT('',(4.17434363221,3.25669291339,3.059999999767));
#3571=CARTESIAN_POINT('',(4.127496438739,3.25669291339,4.574581454383E-13));
#3572=CARTESIAN_POINT('',(4.127496438739,3.25669291339,5.144495940357E-13));
#3573=CARTESIAN_POINT('',(3.249999999999,3.25669291339,0.2000000000005));
#3574=CARTESIAN_POINT('',(3.249999999999,4.15669291339,0.2000000000005));
#3575=CARTESIAN_POINT('',(4.127496438739,3.25669291339,4.574581454383E-13));
#3576=CARTESIAN_POINT('',(3.249999999998,0.65669291339,0.2));
#3577=CARTESIAN_POINT('',(3.473606797748,0.65669291339,3.793632075144E-13));
#3578=CARTESIAN_POINT('',(3.473606797748,0.65669291339,4.952427357097E-13));
#3579=CARTESIAN_POINT('',(3.473606797748,-0.24330708661,4.951317134072E-13));
#3580=CARTESIAN_POINT('',(3.249999999998,-0.24330708661,0.2));
#3581=CARTESIAN_POINT('',(3.549999999998,-0.24330708661,0.2000000019908));
#3582=CARTESIAN_POINT('',(3.549999999998,-0.24330708661,0.2000000019908));
#3583=CARTESIAN_POINT('',(3.549999999998,0.65669291339,0.2000000019908));
#3584=CARTESIAN_POINT('',(3.249999999998,0.65669291339,0.2));
#3585=CARTESIAN_POINT('',(3.525656368144,0.4310365456065,3.6));
#3586=CARTESIAN_POINT('',(4.149999999998,0.006692913377197,3.599999999996));
#3587=CARTESIAN_POINT('',(4.149999999998,0.006692913377197,3.599999999996));
#3588=CARTESIAN_POINT('',(3.549999999998,0.006692913377197,3.599999999996));
#3589=CARTESIAN_POINT('',(4.149999999998,0.4066929133983,3.599999999991));
#3590=CARTESIAN_POINT('',(4.149999999998,0.4066929133983,3.599999999991));
#3591=CARTESIAN_POINT('',(4.149999999998,0.4066929133983,3.599999999991));
#3592=CARTESIAN_POINT('',(3.549999999998,0.4066929133983,3.599999999991));
#3593=CARTESIAN_POINT('',(3.549999999998,0.006692913377197,3.599999999996));
#3594=CARTESIAN_POINT('',(4.149999999998,-0.2676507185716,3.667999999849));
#3595=CARTESIAN_POINT('',(4.149999999998,0.006692913377197,3.599999999996));
#3596=CARTESIAN_POINT('',(4.149999999998,-0.2433070866343,2.999999999884));
#3597=CARTESIAN_POINT('',(4.149999999604,-0.24330708661,0.2000307668982));
#3598=CARTESIAN_POINT('',(4.149999999604,-0.24330708661,0.2000307668982));
#3599=CARTESIAN_POINT('',(4.149999999604,0.65669291339,0.2000615739968));
#3600=CARTESIAN_POINT('',(4.149999999604,0.65669291339,0.2000615739968));
#3601=CARTESIAN_POINT('',(4.149999999998,0.6566929134015,2.999999999947));
#3602=CARTESIAN_POINT('',(4.149999999998,0.6566929134015,2.999999999947));
#3603=CARTESIAN_POINT('',(4.149999999998,0.6566929134015,2.999999999947));
#3604=CARTESIAN_POINT('',(4.174343632,0.6660558487874,2.977528955048));
#3605=CARTESIAN_POINT('',(3.549999999998,0.6566929134015,2.999999999947));
#3606=CARTESIAN_POINT('',(3.549999999998,0.6566929134015,2.999999999947));
#3607=CARTESIAN_POINT('',(3.549999999998,0.4066929133983,3.599999999991));
#3608=CARTESIAN_POINT('',(3.449263165808,0.65669291339,3.059999999898));
#3609=CARTESIAN_POINT('',(3.249999999998,0.65669291339,0.2));
#3610=CARTESIAN_POINT('',(4.127496438737,0.65669291339,5.135059044648E-13));
#3611=CARTESIAN_POINT('',(3.473606797748,0.65669291339,3.793632075144E-13));
#3612=CARTESIAN_POINT('',(3.549999999998,0.65669291339,0.2000000019908));
#3613=CARTESIAN_POINT('',(3.549999999998,-0.2676507185716,3.667999999865));
#3614=CARTESIAN_POINT('',(3.549999999998,-0.2433070866343,2.999999999884));
#3615=CARTESIAN_POINT('',(3.549999999998,-0.2433070866343,2.999999999884));
#3616=CARTESIAN_POINT('',(3.549999999998,-0.2433070866343,2.999999999884));
#3617=CARTESIAN_POINT('',(3.525656368105,0.01605584870259,3.622471044751));
#3618=CARTESIAN_POINT('',(4.149999999998,-0.2433070866343,2.999999999884));
#3619=CARTESIAN_POINT('',(4.174343632209,-0.24330708661,3.059999999767));
#3620=CARTESIAN_POINT('',(4.127496438737,-0.24330708661,3.774943320896E-13));
#3621=CARTESIAN_POINT('',(4.127496438737,-0.24330708661,3.774943320896E-13));
#3622=CARTESIAN_POINT('',(3.249999999998,-0.24330708661,0.2));
#3623=CARTESIAN_POINT('',(3.249999999998,0.65669291339,0.2));
#3624=CARTESIAN_POINT('',(4.127496438737,-0.24330708661,3.774943320896E-13));
#3625=CARTESIAN_POINT('',(0.09999999999912,4.60217039246,-5.899999999339));
#3626=CARTESIAN_POINT('',(0.09999999999912,4.60217039246,-1.399999999339));
#3627=CARTESIAN_POINT('',(-0.05000000000087,4.60217039186,-1.399999999779));
#3628=CARTESIAN_POINT('',(0.1657556717757,4.4673512854,-1.399999999779));
#3629=CARTESIAN_POINT('',(-0.05000000000087,4.60217039186,-1.399999999779));
#3630=CARTESIAN_POINT('',(-0.05000000000086,4.6021703921,-5.899999999339));
#3631=CARTESIAN_POINT('',(0.09999999999912,4.60217039246,-5.899999999339));
#3632=CARTESIAN_POINT('',(0.1657556717757,4.4673512854,-5.899999999779));
#3633=CARTESIAN_POINT('',(0.1657556717757,4.4673512854,-5.899999999779));
#3634=CARTESIAN_POINT('',(0.5852004986143,5.75649391159,0.08999999987868));
#3635=CARTESIAN_POINT('',(0.7249999999972,5.45669291339,-4.5));
#3636=CARTESIAN_POINT('',(0.7249999999972,5.45669291339,-4.5));
#3637=CARTESIAN_POINT('',(0.5954885623113,5.734431087791,-4.5));
#3638=CARTESIAN_POINT('',(0.7249999999972,5.45669291339,5.15124979709E-13));
#3639=CARTESIAN_POINT('',(0.7249999999972,5.45669291339,5.15124979709E-13));
#3640=CARTESIAN_POINT('',(0.5954885621411,5.734431088157,-2.37549258042E-10));
#3641=CARTESIAN_POINT('',(0.5954885621411,5.734431088157,-2.375495355977E-10));
#3642=CARTESIAN_POINT('',(0.5954885621411,5.734431088157,-4.5));
#3643=CARTESIAN_POINT('',(0.686119341283,5.77669291339,-4.5));
#3644=CARTESIAN_POINT('',(0.686119341283,5.77669291339,-4.5));
#3645=CARTESIAN_POINT('',(0.686119341313,5.87669291339,-4.5));
#3646=CARTESIAN_POINT('',(0.686119341283,5.77669291339,-7.136780055816E-10));
#3647=CARTESIAN_POINT('',(0.686119341333,5.87669291339,-2.375492395383E-10));
#3648=CARTESIAN_POINT('',(0.686119341333,5.87669291339,-2.375492395383E-10));
#3649=CARTESIAN_POINT('',(1.238224290798,5.87669291339,-4.589999999995));
#3650=CARTESIAN_POINT('',(1.213880658834,5.876692913391,-2.375486474193E-10));
#3651=CARTESIAN_POINT('',(1.213880658834,5.876692913391,-2.375486474193E-10));
#3652=CARTESIAN_POINT('',(1.213880658834,5.876692913391,-4.5));
#3653=CARTESIAN_POINT('',(1.213880658834,5.876692913391,-4.5));
#3654=CARTESIAN_POINT('',(0.686119341333,5.87669291339,-4.5));
#3655=CARTESIAN_POINT('',(1.338237330005,5.43234928147,-4.5));
#3656=CARTESIAN_POINT('',(1.213880658706,5.77669291339,-4.5));
#3657=CARTESIAN_POINT('',(1.304511437748,5.734431087928,-4.5));
#3658=CARTESIAN_POINT('',(1.304511437748,5.734431087928,-4.5));
#3659=CARTESIAN_POINT('',(1.175000000005,5.456692913392,-4.5));
#3660=CARTESIAN_POINT('',(0.7249999999972,5.45669291339,-4.5));
#3661=CARTESIAN_POINT('',(1.213880658706,5.77669291339,-4.5));
#3662=CARTESIAN_POINT('',(1.213880658706,5.77669291339,-7.136762292248E-10));
#3663=CARTESIAN_POINT('',(1.304511437748,5.734431087928,-2.375498316572E-10));
#3664=CARTESIAN_POINT('',(1.304511437748,5.734431087928,-2.375498316572E-10));
#3665=CARTESIAN_POINT('',(1.164711936604,5.43463009023,-4.589999999998));
#3666=CARTESIAN_POINT('',(1.175000000005,5.456692913392,5.139592455331E-13));
#3667=CARTESIAN_POINT('',(1.175000000005,5.456692913392,5.139592455331E-13));
#3668=CARTESIAN_POINT('',(1.175000000005,5.456692913392,-4.5));
#3669=CARTESIAN_POINT('',(-0.1980000000009,5.45669291339,-8.771999999999));
#3670=CARTESIAN_POINT('',(7.349999999999,5.45669291339,-5.099999999999));
#3671=CARTESIAN_POINT('',(7.349999999999,5.45669291339,-5.099999999999));
#3672=CARTESIAN_POINT('',(6.949999999999,5.45669291339,-5.099999999999));
#3673=CARTESIAN_POINT('',(6.949999999999,5.45669291339,-5.099999999999));
#3674=CARTESIAN_POINT('',(5.75,5.45669291339,-8.599999999999));
#3675=CARTESIAN_POINT('',(1.749999999999,5.45669291339,-8.599999999999));
#3676=CARTESIAN_POINT('',(1.749999999999,5.45669291339,-8.599999999999));
#3677=CARTESIAN_POINT('',(1.749999999999,5.45669291339,-8.599999999999));
#3678=CARTESIAN_POINT('',(0.7999999999854,5.45669291339,-5.899999999995));
#3679=CARTESIAN_POINT('',(0.7999999999854,5.45669291339,-5.899999999995));
#3680=CARTESIAN_POINT('',(-0.05000000000088,5.45669291339,-5.899999999999));
#3681=CARTESIAN_POINT('',(-0.05000000000088,5.45669291339,-5.899999999999));
#3682=CARTESIAN_POINT('',(-0.05000000000088,5.45669291339,5.151434834261E-13));
#3683=CARTESIAN_POINT('',(-0.05000000000088,5.45669291339,5.151434834261E-13));
#3684=CARTESIAN_POINT('',(1.175000000005,5.456692913392,5.139592455331E-13));
#3685=CARTESIAN_POINT('',(7.349999999999,5.45669291339,5.151434834261E-13));
#3686=CARTESIAN_POINT('',(7.349999999999,5.45669291339,5.151434834261E-13));
#3687=CARTESIAN_POINT('',(-0.07434363181625,4.42757074028,-5.899999999999));
#3688=CARTESIAN_POINT('',(-0.05000000000087,4.60217039186,-5.899999999779));
#3689=CARTESIAN_POINT('',(0.7999999999806,4.776692913397,-5.899999999884));
#3690=CARTESIAN_POINT('',(0.7999999999806,4.776692913397,-5.899999999884));
#3691=CARTESIAN_POINT('',(0.7999999999806,4.776692913397,-5.899999999884));
#3692=CARTESIAN_POINT('',(0.8218799114294,4.78736445923,-5.989999999613));
#3693=CARTESIAN_POINT('',(0.6999999999984,4.727919654533,-1.399999999999));
#3694=CARTESIAN_POINT('',(0.6999999999984,4.727919654533,-1.399999999999));
#3695=CARTESIAN_POINT('',(0.1657556717757,4.4673512854,-1.399999999779));
#3696=CARTESIAN_POINT('',(0.4879218343082,3.18234928145,-1.811362802208));
#3697=CARTESIAN_POINT('',(0.7207629443981,3.20669291339,-2.334332497946));
#3698=CARTESIAN_POINT('',(0.7207629443981,3.20669291339,-2.334332497946));
#3699=CARTESIAN_POINT('',(0.7207629443981,4.20669291339,-2.334332497946));
#3700=CARTESIAN_POINT('',(0.4978232814008,3.20669291339,-1.833601816497));
#3701=CARTESIAN_POINT('',(0.4978232814008,3.20669291339,-1.833601816497));
#3702=CARTESIAN_POINT('',(0.4978232814015,4.20669291339,-1.833601816499));
#3703=CARTESIAN_POINT('',(0.4978232814015,4.20669291339,-1.833601816499));
#3704=CARTESIAN_POINT('',(0.4978232814015,4.20669291339,-1.833601816499));
#3705=CARTESIAN_POINT('',(0.9545960101131,3.20669291339,-1.630233494722));
#3706=CARTESIAN_POINT('',(0.9545960101131,3.20669291339,-1.630233494722));
#3707=CARTESIAN_POINT('',(0.4545960101131,3.20669291339,-1.630233494722));
#3708=CARTESIAN_POINT('',(0.4545960101131,3.20669291339,-1.630233494722));
#3709=CARTESIAN_POINT('',(0.4545960101131,4.20669291339,-1.630233494722));
#3710=CARTESIAN_POINT('',(0.9545960101131,4.20669291339,-1.630233494722));
#3711=CARTESIAN_POINT('',(0.7451065763374,3.20669291339,-1.37565636806));
#3712=CARTESIAN_POINT('',(0.7207629443981,3.20669291339,-2.334332497946));
#3713=CARTESIAN_POINT('',(0.6999999999991,3.20669291339,-1.399999999999));
#3714=CARTESIAN_POINT('',(0.6999999999991,3.20669291339,-1.399999999999));
#3715=CARTESIAN_POINT('',(0.4545960101131,3.20669291339,-1.399999999999));
#3716=CARTESIAN_POINT('',(0.4545960101131,3.20669291339,-1.399999999999));
#3717=CARTESIAN_POINT('',(0.4545960101131,3.18234928145,-1.37565636806));
#3718=CARTESIAN_POINT('',(0.4545960101131,4.20669291339,-1.399999999999));
#3719=CARTESIAN_POINT('',(0.4545960101131,4.20669291339,-1.399999999999));
#3720=CARTESIAN_POINT('',(0.4545960101131,4.20669291339,-1.630233494722));
#3721=CARTESIAN_POINT('',(0.6717392325791,4.20669291339,-1.276674185866));
#3722=CARTESIAN_POINT('',(0.4545960101131,4.20669291339,-1.399999999999));
#3723=CARTESIAN_POINT('',(0.6999999999988,4.20669291339,-1.399999999999));
#3724=CARTESIAN_POINT('',(0.6999999999988,4.20669291339,-1.399999999999));
#3725=CARTESIAN_POINT('',(0.8019999999869,2.593892913236,-5.989999999444));
#3726=CARTESIAN_POINT('',(0.7999999999549,2.636692913389,-5.899999999881));
#3727=CARTESIAN_POINT('',(0.7999999999549,2.636692913389,-5.899999999881));
#3728=CARTESIAN_POINT('',(0.6999999999991,2.685466172243,-1.399999999999));
#3729=CARTESIAN_POINT('',(0.6999999999991,2.685466172243,-1.399999999999));
#3730=CARTESIAN_POINT('',(0.6999999999991,2.685466172243,-1.399999999999));
#3731=CARTESIAN_POINT('',(0.6999999999988,4.20669291339,-1.399999999999));
#3732=CARTESIAN_POINT('',(-0.07434363194041,2.644617102596,-1.399999999999));
#3733=CARTESIAN_POINT('',(0.09999999999912,2.811215434311,-1.399999999999));
#3734=CARTESIAN_POINT('',(0.1657556711734,2.946034541668,-1.399999999999));
#3735=CARTESIAN_POINT('',(-0.05000000000087,2.811215434373,-1.399999999999));
#3736=CARTESIAN_POINT('',(-0.05000000000087,4.60217039186,-1.399999999779));
#3737=CARTESIAN_POINT('',(0.6999999999991,2.685466172243,-1.399999999999));
#3738=CARTESIAN_POINT('',(0.09999999999912,2.811215434311,-1.399999999999));
#3739=CARTESIAN_POINT('',(0.09999999999912,2.811215434311,-5.899999999089));
#3740=CARTESIAN_POINT('',(-0.05000000000087,2.811215434373,-5.899999999696));
#3741=CARTESIAN_POINT('',(0.165755671513,2.946034541502,-5.899999999089));
#3742=CARTESIAN_POINT('',(-0.05000000000087,2.811215434373,-5.899999999696));
#3743=CARTESIAN_POINT('',(0.1657556711734,2.946034541668,-1.399999999999));
#3744=CARTESIAN_POINT('',(0.1438757601236,2.956706087322,-1.310000000008));
#3745=CARTESIAN_POINT('',(0.1657556711734,2.946034541668,-5.899999999696));
#3746=CARTESIAN_POINT('',(0.09999999999765,1.102170392466,-5.9));
#3747=CARTESIAN_POINT('',(0.09999999999765,1.102170392466,-1.39999999934));
#3748=CARTESIAN_POINT('',(-0.05000000000135,1.102170392406,-1.39999999978));
#3749=CARTESIAN_POINT('',(0.1657556717824,0.9673512854072,-1.39999999978));
#3750=CARTESIAN_POINT('',(-0.05000000000135,1.102170392406,-1.39999999978));
#3751=CARTESIAN_POINT('',(-0.0500000000023,1.102170392423,-5.9));
#3752=CARTESIAN_POINT('',(0.09999999999765,1.102170392466,-5.9));
#3753=CARTESIAN_POINT('',(0.1657556717824,0.9673512854072,-5.9));
#3754=CARTESIAN_POINT('',(0.1657556717824,0.9673512854072,-5.9));
#3755=CARTESIAN_POINT('',(-0.07434363181772,0.9117232339043,-5.9));
#3756=CARTESIAN_POINT('',(0.799999999963,1.276692913402,-5.899999999881));
#3757=CARTESIAN_POINT('',(0.799999999963,1.276692913402,-5.899999999881));
#3758=CARTESIAN_POINT('',(0.799999999963,1.276692913402,-5.899999999881));
#3759=CARTESIAN_POINT('',(-0.05000000000087,2.811215434373,-5.899999999696));
#3760=CARTESIAN_POINT('',(0.8218799114581,1.287364459245,-5.989999999725));
#3761=CARTESIAN_POINT('',(0.6999999999974,1.227919654534,-1.4));
#3762=CARTESIAN_POINT('',(0.6999999999974,1.227919654534,-1.4));
#3763=CARTESIAN_POINT('',(0.1657556717824,0.9673512854072,-1.39999999978));
#3764=CARTESIAN_POINT('',(0.4545960101116,-0.3176507185495,-1.37565636806));
#3765=CARTESIAN_POINT('',(0.4545960101116,0.70669291339,-1.4));
#3766=CARTESIAN_POINT('',(0.4545960101116,0.70669291339,-1.4));
#3767=CARTESIAN_POINT('',(0.4545960101116,-0.29330708661,-1.4));
#3768=CARTESIAN_POINT('',(0.4545960101116,0.70669291339,-1.630233494723));
#3769=CARTESIAN_POINT('',(0.4545960101116,0.70669291339,-1.630233494723));
#3770=CARTESIAN_POINT('',(0.4545960101116,-0.29330708661,-1.630233494723));
#3771=CARTESIAN_POINT('',(0.4545960101116,-0.29330708661,-1.630233494723));
#3772=CARTESIAN_POINT('',(0.4545960101116,-0.29330708661,-1.4));
#3773=CARTESIAN_POINT('',(0.6717392325777,0.70669291339,-1.276674185866));
#3774=CARTESIAN_POINT('',(0.4545960101116,0.70669291339,-1.4));
#3775=CARTESIAN_POINT('',(0.6999999999977,0.70669291339,-1.4));
#3776=CARTESIAN_POINT('',(0.6999999999977,0.70669291339,-1.4));
#3777=CARTESIAN_POINT('',(0.7207629443967,0.70669291339,-2.334332497947));
#3778=CARTESIAN_POINT('',(0.4978232813991,0.70669291339,-1.833601816497));
#3779=CARTESIAN_POINT('',(0.4978232813301,0.70669291339,-1.83360181635));
#3780=CARTESIAN_POINT('',(0.9545960101116,0.70669291339,-1.630233494723));
#3781=CARTESIAN_POINT('',(0.4879218343068,-0.3176507185495,-1.811362802208));
#3782=CARTESIAN_POINT('',(0.7207629443967,-0.29330708661,-2.334332497947));
#3783=CARTESIAN_POINT('',(0.7207629443967,-0.29330708661,-2.334332497947));
#3784=CARTESIAN_POINT('',(0.4978232813986,-0.29330708661,-1.833601816496));
#3785=CARTESIAN_POINT('',(0.4978232813286,-0.29330708661,-1.833601816347));
#3786=CARTESIAN_POINT('',(0.4978232813991,0.70669291339,-1.833601816497));
#3787=CARTESIAN_POINT('',(0.9545960101116,-0.29330708661,-1.630233494723));
#3788=CARTESIAN_POINT('',(0.9545960101116,-0.29330708661,-1.630233494723));
#3789=CARTESIAN_POINT('',(0.7451065763359,-0.29330708661,-1.37565636806));
#3790=CARTESIAN_POINT('',(0.7207629443967,-0.29330708661,-2.334332497947));
#3791=CARTESIAN_POINT('',(0.6999999999977,-0.29330708661,-1.4));
#3792=CARTESIAN_POINT('',(0.4545960101116,-0.29330708661,-1.4));
#3793=CARTESIAN_POINT('',(0.09999999999765,-0.688784565684,-1.4));
#3794=CARTESIAN_POINT('',(0.09999999999765,-0.688784565684,-5.9));
#3795=CARTESIAN_POINT('',(-0.05000000000135,-0.6887845657288,-5.9));
#3796=CARTESIAN_POINT('',(0.1657556715794,-0.5539654585325,-5.9));
#3797=CARTESIAN_POINT('',(-0.05000000000135,-0.6887845657288,-5.9));
#3798=CARTESIAN_POINT('',(-0.05000000000135,-0.6887845657288,-1.4));
#3799=CARTESIAN_POINT('',(0.09999999999765,-0.688784565684,-1.4));
#3800=CARTESIAN_POINT('',(0.1657556715794,-0.5539654585325,-1.4));
#3801=CARTESIAN_POINT('',(0.1657556715794,-0.5539654585325,-1.4));
#3802=CARTESIAN_POINT('',(0.1438757603104,-0.5432939127748,-1.310000000005));
#3803=CARTESIAN_POINT('',(0.6999999999976,-0.8145338277618,-1.4));
#3804=CARTESIAN_POINT('',(0.6999999999976,-0.8145338277618,-1.4));
#3805=CARTESIAN_POINT('',(0.6999999999976,-0.8145338277618,-1.4));
#3806=CARTESIAN_POINT('',(0.7999999999604,-0.8633070866206,-5.899999999882));
#3807=CARTESIAN_POINT('',(0.1657556715794,-0.5539654585325,-5.9));
#3808=CARTESIAN_POINT('',(-0.07434363194188,-0.8553828974058,-1.4));
#3809=CARTESIAN_POINT('',(-0.05000000000135,1.102170392406,-1.39999999978));
#3810=CARTESIAN_POINT('',(0.6999999999974,1.227919654534,-1.4));
#3811=CARTESIAN_POINT('',(0.6999999999977,-0.29330708661,-1.4));
#3812=CARTESIAN_POINT('',(0.8019999999854,-0.9061070867678,-5.989999999445));
#3813=CARTESIAN_POINT('',(0.7999999999604,-0.8633070866206,-5.899999999882));
#3814=CARTESIAN_POINT('',(0.7809999998179,-1.823307086614,-5.845999999485));
#3815=CARTESIAN_POINT('',(1.749999999999,-1.543307086614,-8.599999999999));
#3816=CARTESIAN_POINT('',(1.749999999999,-1.543307086614,-8.599999999999));
#3817=CARTESIAN_POINT('',(0.7999999999627,-1.543307086614,-5.89999999999));
#3818=CARTESIAN_POINT('',(0.7999999999627,-1.543307086614,-5.89999999999));
#3819=CARTESIAN_POINT('',(0.7999999999627,-1.543307086614,-5.89999999999));
#3820=CARTESIAN_POINT('',(-0.07434363181772,-1.567650718554,-5.9));
#3821=CARTESIAN_POINT('',(-0.05000000000088,-1.543307086614,-5.9));
#3822=CARTESIAN_POINT('',(-0.05000000000088,-1.543307086614,-5.9));
#3823=CARTESIAN_POINT('',(-0.05000000000135,-0.6887845657288,-5.9));
#3824=CARTESIAN_POINT('',(-0.05000000000088,-1.823307086614,0.1180000000005));
#3825=CARTESIAN_POINT('',(-0.05000000000088,-1.543307086614,5.151434834261E-13));
#3826=CARTESIAN_POINT('',(-0.05000000000088,-1.543307086614,5.151434834261E-13));
#3827=CARTESIAN_POINT('',(-0.05000000000088,5.45669291339,5.151434834261E-13));
#3828=CARTESIAN_POINT('',(1.213880658708,-1.223307086614,7.161300496833E-10));
#3829=CARTESIAN_POINT('',(1.21388065864,-1.123307086614,2.3905344555E-10));
#3830=CARTESIAN_POINT('',(1.21388065864,-1.123307086614,2.3905344555E-10));
#3831=CARTESIAN_POINT('',(1.21388065864,-1.123307086614,-4.5));
#3832=CARTESIAN_POINT('',(1.213880658708,-1.223307086614,-4.5));
#3833=CARTESIAN_POINT('',(1.30451143754117,-1.26556891251463,-4.5));
#3834=CARTESIAN_POINT('',(1.304511437798,-1.265568911965,-4.5));
#3835=CARTESIAN_POINT('',(1.304511437798,-1.265568911965,4.77591780693871E-10));
#3836=CARTESIAN_POINT('',(1.213880658708,-1.223307086614,7.161300496833E-10));
#3837=CARTESIAN_POINT('',(0.6617757093857,-1.123307086614,0.09000000024348));
#3838=CARTESIAN_POINT('',(0.6861193413073,-1.123307086614,2.3905344555E-10));
#3839=CARTESIAN_POINT('',(0.6861193412982,-1.123307086614,7.161300496833E-10));
#3840=CARTESIAN_POINT('',(0.6861193413073,-1.123307086614,-4.5));
#3841=CARTESIAN_POINT('',(0.6861193413073,-1.123307086614,-4.5));
#3842=CARTESIAN_POINT('',(1.21388065864,-1.123307086614,-4.5));
#3843=CARTESIAN_POINT('',(0.6861193412846,-1.223307086614,7.161300496833E-10));
#3844=CARTESIAN_POINT('',(0.6861193412846,-1.223307086614,7.161300496833E-10));
#3845=CARTESIAN_POINT('',(0.5954885620896,-1.265568911734,7.161300496833E-10));
#3846=CARTESIAN_POINT('',(0.5954885617608,-1.265568911029,2.39054037669E-10));
#3847=CARTESIAN_POINT('',(0.5954885620896,-1.265568911734,-4.5));
#3848=CARTESIAN_POINT('',(0.6861193412846,-1.223307086614,-4.5));
#3849=CARTESIAN_POINT('',(0.7352880633985,-1.565369909774,-4.590000000002));
#3850=CARTESIAN_POINT('',(0.7249999999961,-1.543307086611,-4.5));
#3851=CARTESIAN_POINT('',(0.7249999999961,-1.543307086611,-4.5));
#3852=CARTESIAN_POINT('',(0.7249999999961,-1.543307086611,5.157356023725E-13));
#3853=CARTESIAN_POINT('',(0.5954885617608,-1.265568911029,-4.5));
#3854=CARTESIAN_POINT('',(0.7249999999961,-1.543307086611,5.157356023725E-13));
#3855=CARTESIAN_POINT('',(1.338237327389,-1.56765071854,-4.5));
#3856=CARTESIAN_POINT('',(1.17499999999,-1.543307086622,-4.5));
#3857=CARTESIAN_POINT('',(1.17499999999,-1.543307086622,-4.5));
#3858=CARTESIAN_POINT('',(1.17499999999,-1.543307086622,-4.5));
#3859=CARTESIAN_POINT('',(1.314799501299,-1.243506088589,0.09000000012174));
#3860=CARTESIAN_POINT('',(1.17499999999,-1.543307086622,5.151527352846E-13));
#3861=CARTESIAN_POINT('',(1.17499999999053,-1.543307086622,5.15152735441732E-13));
#3862=CARTESIAN_POINT('',(1.304511437798,-1.265568911965,2.390534548019E-10));
#3863=CARTESIAN_POINT('',(7.497999999999,13.16509291339,5.151434834261E-13));
#3864=CARTESIAN_POINT('',(7.349999999999,-1.543307086614,5.151434834261E-13));
#3865=CARTESIAN_POINT('',(7.349999999999,-1.543307086614,5.151434834261E-13));
#3866=CARTESIAN_POINT('',(-0.05000000000088,-1.543307086614,5.151434834261E-13));
#3867=CARTESIAN_POINT('',(1.17499999999,-1.543307086622,5.151527352846E-13));
#3868=CARTESIAN_POINT('',(7.349999999999,12.73669291339,-5.201999999999));
#3869=CARTESIAN_POINT('',(7.349999999999,-1.543307086614,-5.099999999999));
#3870=CARTESIAN_POINT('',(7.349999999999,-1.543307086614,-5.099999999999));
#3871=CARTESIAN_POINT('',(7.349999999999,-1.543307086614,-5.099999999999));
#3872=CARTESIAN_POINT('',(6.92565636806,-1.823307086614,-5.099999999999));
#3873=CARTESIAN_POINT('',(6.949999999999,-1.543307086614,-5.099999999999));
#3874=CARTESIAN_POINT('',(6.949999999999,-1.543307086614,-5.099999999999));
#3875=CARTESIAN_POINT('',(6.949999999999,-1.543307086614,-5.099999999999));
#3876=CARTESIAN_POINT('',(5.726,12.73669291339,-8.669999999999));
#3877=CARTESIAN_POINT('',(5.75,-1.543307086614,-8.599999999999));
#3878=CARTESIAN_POINT('',(5.75,-1.543307086614,-8.599999999999));
#3879=CARTESIAN_POINT('',(5.75,5.45669291339,-8.599999999999));
#3880=CARTESIAN_POINT('',(7.497999999996,-1.543307086614,-8.772));
#3881=CARTESIAN_POINT('',(5.75,-1.543307086614,-8.599999999999));
#3882=CARTESIAN_POINT('',(1.669999999998,-1.823307086614,-8.599999999999));
#3883=CARTESIAN_POINT('',(3.799999999999,3.70669291339,-8.599999999999));
#3884=CARTESIAN_POINT('',(2.324999999999,3.70669291339,-8.599999999999));
#3885=CARTESIAN_POINT('',(3.799999999999,3.70669291339,-8.449999999999));
#3886=CARTESIAN_POINT('',(3.799999999999,3.70669291339,-8.449999999999));
#3887=CARTESIAN_POINT('',(5.274999999999,3.70669291339,-8.449999999999));
#3888=CARTESIAN_POINT('',(3.799999999999,3.70669291339,-8.274999999999));
#3889=CARTESIAN_POINT('',(3.799999999999,3.70669291339,-8.099999999999));
#3890=CARTESIAN_POINT('',(5.274999999999,3.70669291339,-8.099999999999));
#3891=CARTESIAN_POINT('',(3.799999999999,3.70669291339,-6.899999999998));
#3892=CARTESIAN_POINT('',(3.799999999999,3.70669291339,-7.149999999999));
#3893=CARTESIAN_POINT('',(5.274999999999,3.70669291339,-7.149999999999));
#3894=CARTESIAN_POINT('',(1.952539512658,-12.57879027206,-7.149999999999));
#3895=CARTESIAN_POINT('',(3.850000000003,3.70669291339,-7.149999999999));
#3896=CARTESIAN_POINT('',(5.231829073306,3.70669291339,-7.149999999999));
#3897=CARTESIAN_POINT('',(5.247001793527,4.00669291339,-7.824443470549));
#3898=CARTESIAN_POINT('',(-2259.27679145764,4.00669291339,245.927208606409));
#3899=CARTESIAN_POINT('',(5.19327095535946,4.00669291339,-7.20009983860899));
#3900=CARTESIAN_POINT('',(5.13610929360139,4.00669291339,-7.710944589629));
#3901=CARTESIAN_POINT('',(2.506729044647,4.00669291339,-7.200099838609));
#3902=CARTESIAN_POINT('',(2.5067290446464,4.00669291339,-7.20009983860898));
#3903=CARTESIAN_POINT('',(2266.97677847315,4.00669291339,245.927207153329));
#3904=CARTESIAN_POINT('',(2.56389070640441,4.00669291339,-7.71094458962899));
#3905=CARTESIAN_POINT('',(2.56389070640421,4.00669291339,-7.710944589629));
#3906=CARTESIAN_POINT('',(2.5694519596647,4.00669291339,-7.76059000482326));
#3907=CARTESIAN_POINT('',(2.61628015550992,4.00669291339,-7.80009983860908));
#3908=CARTESIAN_POINT('',(2.666196698191,4.00669291339,-7.800099838609));
#3909=CARTESIAN_POINT('',(2.66619669819091,4.00669291339,-7.800099838609));
#3910=CARTESIAN_POINT('',(2.666196698191,4.00669291339,-7.800099838609));
#3911=CARTESIAN_POINT('',(5.03380330181509,4.00669291339,-7.800099838609));
#3912=CARTESIAN_POINT('',(5.033803301815,4.00669291339,-7.800099838609));
#3913=CARTESIAN_POINT('',(5.08375798100332,4.00669291339,-7.80009983860908));
#3914=CARTESIAN_POINT('',(5.130543372086,4.00669291339,-7.7606316784282));
#3915=CARTESIAN_POINT('',(5.13610929360178,4.00669291339,-7.71094458962903));
#3916=CARTESIAN_POINT('',(5.281417869472,4.03103654557,-7.200099838609));
#3917=CARTESIAN_POINT('',(3.850000000003,3.70669291339,-7.200099838609));
#3918=CARTESIAN_POINT('',(3.850000000003,3.70669291339,-7.200099838609));
#3919=CARTESIAN_POINT('',(3.850000000003,3.70669291339,-7.430472294813));
#3920=CARTESIAN_POINT('',(3.850000000003,3.70669291339,-7.710944589629));
#3921=CARTESIAN_POINT('',(3.850000000003,3.70669291339,-7.700099838609));
#3922=CARTESIAN_POINT('',(3.850000000003,3.70669291339,-7.800099838609));
#3923=CARTESIAN_POINT('',(5.081155433888,4.95407917376,-7.800099838609));
#3924=MECHANICAL_DESIGN_GEOMETRIC_PRESENTATION_REPRESENTATION('',(#1798,
#1799,#1800,#1801,#1802,#1803,#1804,#1805,#1806,#1807,#1808,#1809,#1810,
#1811,#1812,#1813,#1814,#1815,#1816,#1817,#1818,#1819,#1820,#1821,#1822,
#1823,#1824,#1825,#1826,#1827,#1828,#1829,#1830,#1831,#1832,#1833,#1834,
#1835,#1836,#1837,#1838,#1839,#1840,#1841,#1842,#1843,#1844,#1845,#1846,
#1847,#1848,#1849,#1850,#1851,#1852,#1853,#1854,#1855,#1856,#1857,#1858,
#1859,#1860,#1861,#1862,#1863,#1864,#1865,#1866,#1867,#1868,#1869,#1870,
#1871,#1872,#1873,#1874,#1875,#1876,#1877,#1878,#1879,#1880,#1881,#1882,
#1883,#1884,#1885,#1886,#1887,#1888,#1889,#1890,#1891,#1892,#1893,#1894,
#1895,#1896,#1897,#1898,#1899,#1900,#1901,#1902,#1903),#3925);
#3925=(
GEOMETRIC_REPRESENTATION_CONTEXT(3)
GLOBAL_UNCERTAINTY_ASSIGNED_CONTEXT((#3926))
GLOBAL_UNIT_ASSIGNED_CONTEXT((#3929,#3928,#3927))
REPRESENTATION_CONTEXT('DG381-3','TOP_LEVEL_ASSEMBLY_PART')
);
#3926=UNCERTAINTY_MEASURE_WITH_UNIT(LENGTH_MEASURE(0.005),#3929,
'DISTANCE_ACCURACY_VALUE','Maximum Tolerance applied to model');
#3927=(
NAMED_UNIT(*)
SI_UNIT($,.STERADIAN.)
SOLID_ANGLE_UNIT()
);
#3928=(
NAMED_UNIT(*)
PLANE_ANGLE_UNIT()
SI_UNIT($,.RADIAN.)
);
#3929=(
LENGTH_UNIT()
NAMED_UNIT(*)
SI_UNIT(.MILLI.,.METRE.)
);
#3930=PRODUCT_DEFINITION_SHAPE('','',#3931);
#3931=PRODUCT_DEFINITION('','',#3933,#3932);
#3932=PRODUCT_DEFINITION_CONTEXT('',#3939,'design');
#3933=PRODUCT_DEFINITION_FORMATION_WITH_SPECIFIED_SOURCE('','',#3935,
 .NOT_KNOWN.);
#3934=PRODUCT_RELATED_PRODUCT_CATEGORY('','',(#3935));
#3935=PRODUCT('DG381-3','DG381-3','DG381-3',(#3937));
#3936=PRODUCT_CATEGORY('','');
#3937=PRODUCT_CONTEXT('',#3939,'mechanical');
#3938=APPLICATION_PROTOCOL_DEFINITION('international standard',
'automotive_design',2010,#3939);
#3939=APPLICATION_CONTEXT(
'core data for automotive mechanical design processes');
ENDSEC;
END-ISO-10303-21;
